หัสลูกค้า,ชื่อลูกค้า,ประเภทลูกค้า,เลขที่เสียภาษี,ที่อยู่,ถนน,ตำบล,อำเภอ,จังหวัด,ไปรษณีย์,ชื่อผู้ติดต่อ,เบอร์โทร,อีเมล์,lineId,facebook
,กลุ่มสยามบรรจุภัณฑ์โรงงานราชบุรี,ลูกค้าทั่วไป,,,,วังเย็น,บางแพ,ราชบุรี,,Tani,0879853651,,,
,กลุ่มสยามบรรจุภัณฑ์โรงงานสมุทรปราการ,ลูกค้าทั่วไป,,,พัฒนา,แพรกษา,เมือง,สมุทรปราการ,,,,,,
,กลุ่มสยามบรรจุภัณฑ์โรงงานนวนคร,,,,,คลองหนึ่ง,คลองหลวง,ปทุมธานี,,,,,,
,กลุ่มสยามบรรจุภัณฑ์โรงงานปราจีนบุรี,,,,,,ศรีมหาโพธิ,ปราจีนบุรี,,,,,,
,กลุ่มสยามบรรจุภัณฑ์โรงงานชลบุรี,,,321/9,,สุรศักดิ์,ศรีราชา,ชลบุรี,,,,,,
,กลุ่มสยามบรรจุภัณฑ์โรงงานสระบุรี,,,,,ตาลเดี่ยว,แก่งคอย,สระบุรี,,,,,,
,กลุ่มสยามบรรจุภัณฑ์โรงงานสงขลา,,,183 หมู่6,สายเอเชีย,กำแพงเพชร,รัตภูมิ,สงขลา,,,,,,
,บริษัท ยูไนเต็ด คอนเทนเนอร์ จำกัด,,,100/1  หมู่1,ปทุมธานี,สามโคก,สามโคก,ปทุมธานี,,,,,,
,บริษัท รวมไทยบรรจุภัณฑ์ จำกัด,,,247 หมู่6,ท้ายบ้าน,ท้ายบ้าน,เมือง,สมุทรปราการ,,,,,,
,บริษัท ศานติบรรจุภัณฑ์ จำกัด,,,240,ร่มเกล้า,แขวงมีนบุรี,เขตมีนบุรี,กรุงเทพ,,,,,,
,บริษัท เปเปอร์ ชีท บอร์ด จำกัด,,,,,นามะตูม,พนัสนิคม,ชลบุรี,,,,,,
,บริษัท ไทยคอนเทนเนอร์ขอนแก่น จำกัด,,,,,,บ้านแฮด,ขอนแก่น,,,,,,
,บริษัท ตะวันนาบรรจุภัณฑ์ จำกัด,,,599 หมู่ที่4,พัฒนา1,แพรกษา,สมุทรปราการ,สมุทรปราการ,,,,,,
,โรงงานไดน่า แพคส์,,,297/2 หมู่2,เศรษฐกิจ1,อ้อมน้อย,กระทุ่มแบน,สมุทรสาคร,,,,,,
,โรงงานไทยคอนเทนเนอร์ระยอง,,,,,,ปลวกแดง,ระยอง,,,,,,
,โรงงานกำแพงเพชร,,,,ทางหลวงหมายเลข1,ท่าพุทรา,คลองขลุง,กำแพงเพชร,,,,,,
,บริษัท เอ็น.พี.สลิตติ้ง จำกัด,,,3/6 หมู่6,,วังศาลา,ท่าม่วง,กาญจนบุรี,,,,,,
,บริษัท ที.คอร์รูเกเต็ด จำกัด,,,,,บางช้าง,สามพราน,นครปฐม,,,,,,
,บริษัท เอส เอ็น พี เปเปอร์ จำกัด,,,,,บ้านใหม่,บางใหญ่,นนทบุรี,,,,,,
,บริษัท โซโนโค จำกัด,,,68/13 หมู่5,,มาบไผ่,บ้านบึง,ชลบุรี,,,,,,
,บริษัท เอชเอสแอล คาร์ตอนส์ จำกัด,,,19/1 หมู่4,,ท่าไข่,เมือง,ฉะเชิงเทรา,,,,,,
,บริษัท ปูนซีเมนต์ไทย(ท่าหลวง) จำกัด,,,28 หมู่4,,เขาวง,พระพุทธบาท,สระบุรี,,,,,,
,บริษัท ปูนซีเมนต์ไทย(ทุ่งสง) จำกัด,,,,,,ทุ่งสง,นครศรีธรรมราช,,,,,,
,โรงงานปทุมธานี,,,99 หมู่1,,บางคูวัด,,ปทุมธานี,,,,,,
,โกดังบางใหญ่,,,,,,บางใหญ่,นนทบุรี,,,,,,
,บริษัท เค.สยาม เปเปอร์ โรล จำกัด,,,,เพชรเกษม,อ้อมน้อย,,สมุทรสาคร,,,,,,
,ห้างหุ้นส่วนจำกัด กาฬสินธุ์การพิมพ์,,,338/12-13,,,เมือง,กาฬสินธุ์,,,,,,
,บริษัท คอทโก้ เอ็นซีอาร์ เปเปอร์,,,88 หมู่ที่ 3 ,ซอยวัดหนองบอน,,นิคมพัฒนา,ระยอง,,,,,,
,บริษัท คอนติเนนตัล บรรจุภัณฑ์ (ไทย,,,86 หมู่ที่ 13,,,อำเภอบางพลี,สมุทรปราการ,,,,,,
,บริษัท คอมฟอร์ม จำกัด,,,20,,,เขตสะพานสูง,กรุงเทพมหานคร,,,,,,
,บริษัท คาเธ่ย์การ์เวียร์(1988),,,3/1. , ซอยเทียนทะเล 7,,เขตบางขุนเทียน,กรุงเทพมหานคร,,,,,,
,โรงพิมพ์แห่งจุฬาลงกรณ์มหาวิทยาลัย,,,,,,เขตปทุมวัน,กรุงเทพมหานคร,,,,,,
,บริษัท ด่านสุทธาการพิมพ์ จำกัด,,,307, ซอยลาดพร้าว 87,,เขตวังทองหลาง,กรุงเทพมหานคร,,,,,,
,บริษัท อีสเทอร์น พาวเวอร์ กรุ๊ป จำกัด,,,"51/29, 51/61. ",ซอยวิภาวดีรังสิต 66,,เขตหลักสี่,กรุงเทพมหานคร,,,,,,
,ห้างหุ้นส่วนจำกัด ทิพยวิสุทธิ์,,,240/127-129,,,เขตบางกอกน้อย,กรุงเทพมหานคร,,,,,,
,บริษัท โพสโค-ไทยน๊อคซ์ จำกัด,,,324 หมู่ที่ 8,,,นิคมพัฒนา,ระยอง,,,,,,
,ห้างหุ้นส่วนจำกัด ไทยแพ็คปริ้น,,,132,,,เขตทุ่งครุ,กรุงเทพมหานคร,,,,,,
,บริษัท ไทยร่มเกล้า จำกัด,,,9/9 หมู่ที่ 9,,,อำเภอบางใหญ่,นนทบุรี,,,,,,
,บริษัท ไทยวราพรเปเปอร์ จำกัด,,,777/41.,ซอยลาซาล 24,,เขตบางนา,กรุงเทพมหานคร,,,,,,
,ห้างหุ้นส่วนจำกัด ไทยอุดมสิงห์ชัย,,,"290,290/1-2",,,เขตบางบอน,กรุงเทพมหานคร,,,,,,
,บริษัท บุญยวรรณ จำกัด,,,275/14,,,เขตป้อมปราบศัตรูพ่าย,กรุงเทพมหานคร,,,,,,
,ห้างหุ้นส่วนจำกัด บูรพาเทพ,,,24/1 ซอยเอกชัย 75 หมู่ที่ 6,ซอยเอกชัย 75,,เขตบางบอน,กรุงเทพมหานคร,,,,,,
,บริษัท ประชุมช่าง จำกัด,,,41640,,,เขตหลักสี่,กรุงเทพมหานคร,,,,,,
,บริษัท เปเปอร์ แอนด์ ฟอร์มส จำกัด,,,42,,,เขตประเวศ,กรุงเทพมหานคร,,,,,,
,บริษัท พงษ์วรินการพิมพ์ จำกัด,,,299-299/1 หมู่ที่ 10,,,อ.เมืองสมุทรปราการ,สมุทรปราการ,,,,,,
,บริษัท ยามากาตะ (ประเทศไทย),,,324 หมู่ที่ 4,,,อำเภอเมืองสมุทรปราการ,สมุทรปราการ,,,,,,
,บริษัท พีเอสพี ป.แสงทองการพิมพ์,,,"80/18, 88/8 หมู่ที่ 4",,,นครชัยศรี,นครปฐม,,,,,,
,บริษัท เพอร์เฟค แพคเกจจิ้ง จำกัด,,,19/9 หมู่ที่ 6,,,เมือง,สมุทรสาคร,,,,,,
,บริษัท เพอร์เฟคท์พริ้นท์แอนด์,,,55/5 หมู่ที่ 2,,,อำเภอบางกรวย,นนทบุรี,,,,,,
,บริษัท แพคพรินเตอร์ จำกัด,,,58/1 หมู่ที่ 5,,,อำเภอบางพลี,สมุทรปราการ,,,,,,
,ห้างหุ้นส่วนจำกัด โรงทำสมุดเม้งฮั้ว,,,14 ซอยนราธิวาสราชนครินทร์ 12,ซอยนราธิวาสราชนครินทร์ 12,,เขตสาทร,กรุงเทพมหานคร,,,,,,
,บริษัท เมย์ฟลาวเวอร์ (ประเทศไทย),,,32/43 หมู่ที่ 4,ซอยสุขสวัสดิ์ 2,,เขตจอมทอง,กรุงเทพมหานคร,,,,,,
,บริษัท โมเดอร์น พริ้น เทค แอนด์,,,"187/18, 89 หมู่ 3",,,อำเภอบางบัวทอง,นนทบุรี,,,,,,
,บริษัท ยูเนี่ยน สตาร์ พลาสติค จำกัด,,,141/79 หมู่ที่ 6 ,ซอยวัดหัวกระบือ,,เขตบางขุนเทียน,กรุงเทพมหานคร,,,,,,
,บริษัท ชัยรุ่งเรืองรัชดา จำกัด,,,990,,,เขตยานนาวา,กรุงเทพมหานคร,,,,,,
,บริษัท ศรีไทยบรรจุภัณฑ์ จำกัด,,,30/27 หมู่ 2 ,นิคมอุตสาหกรรมการพิมพ์,,เมือง,สมุทรสาคร,,,,,,
,บริษัท ไซเบอร์พริ้นท์กรุ๊ป จำกัด,,,"30/91,100 หมู่ 1 นิคมอุตสาหกรรม",,,เมือง,สมุทรสาคร,,,,,,
,ศรีสะเกษการพิมพ์,,,1462-64,,,เมือง,ศรีสะเกษ,,,,,,
,บริษัท สมบูรณ์ เอส.บี. จำกัด,,,36/6 หมู่ที่ 4,,,เมือง,สมุทรสาคร,,,,,,
,บริษัท โรงงานสมุดแสงฟ้า จำกัด,,,1227,,,เขตบางแค,กรุงเทพมหานคร,,,,,,
,บริษัท ที.เค.เอส.สยามเพรส,,,30/88 หมู่ที่ 1,,,เมือง,สมุทรสาคร,,,,,,
,บริษัท สยามสปอร์ตซินดิเคท จำกัด,,,66/26-29,,,เขตบึงกุ่ม,กรุงเทพมหานคร,,,,,,
,บริษัท สหยงพัฒนกิจ จำกัด,,,606/2,,,เขตป้อมปราบศัตรูพ่าย,กรุงเทพมหานคร,,,,,,
,บริษัท สีทอง 555 จำกัด,,,123 หมู่ที่ 1,,,เมือง,สมุทรสาคร,,,,,,
,บริษัท หมั่น เท่อ (ประเทศไทย) จำกัด,,,"44/159-161, 44/166-169",,,เขตบางเขน,กรุงเทพมหานคร,,,,,,
,ห้างหุ้นส่วนจำกัด เหรียญทองการพิมพ์,,,1741,,,เขตสาทร,กรุงเทพมหานคร,,,,,,
,บริษัท เหรียญไทยบุญกิจ จำกัด,,,12,ซอยโชคชัยจงจำเริญ,,เขตยานนาวา,กรุงเทพมหานคร,,,,,,
,บริษัท โรงพิมพ์อักษรสัมพันธ์ (1987),,,18  แยก 25,ซอยประชาอุทิศ 33,,เขตทุ่งครุ,กรุงเทพมหานคร,,,,,,
,บริษัท อินเตอร์คอมพิวเตอร์ จำกัด,,,3,ซอยสวนผัก 6,,เขตตลิ่งชัน,กรุงเทพมหานคร,,,,,,
,บริษัท เอ็ม.ซี.ซี.ฟิโนล่า จำกัด,,,9/19  หมู่ที่ 2,ซอยผูกมิตร,,อำเภอพระประแดง,สมุทรปราการ,,,,,,
,บริษัท แอ๊ดวานซ์ ฟอร์ม อินเตอร์,,,"43,45 ",ซอยพระรามที่ 2 ซอย 28,,เขตจอมทอง,กรุงเทพมหานคร,,,,,,
,บริษัท นิคเคสยามอลูมิเนียม จำกัด,,,30 หมู่ที่ 14,,,คลองหลวง,ปทุมธานี,,,,,,
,บริษัท ฮั่วน้ำพริ้นติ้ง จำกัด,,,208,ซอยเจริญราษฎร์ 3 (วัดปรก),,เขตสาทร,กรุงเทพมหานคร,,,,,,
,บริษัท เลิฟแอนด์ลิพ เพรส จำกัด,,,9.69972E+20,,,เขตคลองสามวา,กรุงเทพมหานคร,,,,,,
,ห้างหุ้นส่วนจำกัด วิชรัตน์กรุ๊ป,,,89/42-43 หมู่ที่ 7,,,เขตบางแค,กรุงเทพมหานคร,,,,,,
,บริษัท พิมพ์ดี จำกัด,,,30/2 หมู่ที่ 1,,,เมือง,สมุทรสาคร,,,,,,
,บริษัท ไดอิชิ แพคเกจจิ้ง จำกัด,,,139 หมู่ที่ 5,,,บางปะกง,ฉะเชิงเทรา,,,,,,
,โกดัง โรงสมุดเม้งฮั้ว-มหาชัย,,,47/108 หมู่ที่ 4,,,เมือง,สมุทรสาคร,,,,,,
,มหาวิทยาลัยหัวเฉียวเฉลิมพระเกียรติ,,,18/18,,,อำเภอบางพลี,สมุทรปราการ,,,,,,
,โรงงานแอลคอท,,,37/1 หมู่ที่ 3,,,เมือง,สมุทรสาคร,,,,,,
,จันวาณิชย์-พระประแดง (1007633),,,192 หมู่ที่ 1,,,,สมุทรปราการ,,,,,,
,บริษัท ทรัพย์พิทักษ์ดี จำกัด,,,20/179 หมู่ที่ 6,,,เมือง,สมุทรสาคร,,,,,,
,มหาวิทยาลัยสุโขทัยธรรมาธิราช,,,9/9 หมู่ 9,,,อำเภอปากเกร็ด,นนทบุรี,,,,,,
,บริษัท เอส.อาร์.ซี.เอ็นเวลอพ จำกัด,,,999,ซอยแยกแบริ่ง-ลาซาลตัดใหม่,,อำเภอเมือง,สมุทรปราการ,,,,,,
,โกดังแฟคตอรี่เฮ้าส์ 99 พริ้นติ้ง,,,20/27-28 ม.4 (ม.แฟคตอรี่เฮ้าส์),,,เมือง,สมุทรสาคร,,,,,,
,โกดัง บางกอกเปเปอร์-สาธุประดิษฐ์ 49,,,,ซอยสาธุประดิษฐ์ 49,,,กรุงเทพมหานคร,,,,,,
,โกดัง เจนเนอรัลคอมพิวเตอร์,,,14/13 ,ซอยบางบอน 4,,เขตบางขุนเทียน,กรุงเทพมหานคร,,,,,,
,โกดังสามเจริญพาณิชย์ (บางอ้อ),,,248-47,,,เขตบางพลัด,กรุงเทพมหานคร,,,,,,
,โกดังอมรินทร์พริ้นติ้ง แอนด์พับลิช,,,65/16 ,ซอยวัดชัยพฤกษ์,,,กรุงเทพมหานคร,,,,,,
,โรงพิมพ์ คอมแพคท์พริ้นท์,,,549/444 ,ซอยยิ่งอำนวย (จรัลฯ 37),,เขตบางกอกน้อย,กรุงเทพมหานคร,,,,,,
,โกดังพุทธบูชา,,,275 หมู่ 3 ,ซอยพุทธบูชา 28,,เขตทุ่งครุ,กรุงเทพมหานคร,,,,,,
,โกดังฮั่วกี่เปเปอร์ - คลองเตย,,,,,,,กรุงเทพมหานคร,,,,,,
,บริษัท พรีซิสชั่น สลิตติ้ง,,,89/3 หมู่ที่ 2 ,ซอยจัดสรรทหารเรือ 26,,เขตประเวศ,กรุงเทพมหานคร,,,,,,
,โรงงานฟิสิกส์เซ็นเตอร์ (คลองโยง),,,52 หมู่ที่ 4,,,พุทธมณฑล,นครปฐม,,,,,,
,บริษัท ไทยการซอง จำกัด,,,2011-2012 หมู่ 2 ,ซอยสันติคาม ซอย 8,,อำเภอเมือง,สมุทรปราการ,,,,,,
,บริษัท นีโอแพป จำกัด,,,โกดังที่ 3,,,,กรุงเทพมหานคร,,,,,,
,บริษัท หงี่เฮงแชมเปี้ยนกรุ๊ป จำกัด,,,99/9 หมู่ที่ 1,,,เมือง,สมุทรสาคร,,,,,,
,บริษัท ไซเบอร์พริ้นท์กรุ๊ป จำกัด,,,959,ซอยสุทธิพร,,เขตดินแดง,กรุงเทพมหานคร,,,,,,
,โรงงานทูทีไทยคูณ บ้านบ่อ,,,11/2 หมู่ที่ 9,,,เมือง,สมุทรสาคร,,,,,,
,โกดัง ลิ้มพาณิชย์-อ่อนนุช,,,"1,3.",ซอยลาภทวี,,เขตสวนหลวง,กรุงเทพมหานคร,,,,,,
,โกดัง อาคเนย์อุตสาหกรรมบรรจุภัณฑ์,,,17/9.,ซอยเพชรเกษม 81,,เขตหนองแขม,กรุงเทพมหานคร,,,,,,
,โกดังสุขุมวิท 101 (แสงฟ้า),,,99 .,ซอยสุขุมวิท 101,,,กรุงเทพมหานคร,,,,,,
,โรงพิมพ์ ส.พิจิตรการพิมพ์,,,40362,,,เขตบางซื่อ,กรุงเทพมหานคร,,,,,,
,บริษัท สยามกมลเอก จำกัด,,,58,ซอยรองเมือง 3,,เขตปทุมวัน,กรุงเทพมหานคร,,,,,,
,AVERY DENNISON (THAILAND) LTD.,,,64/11 MOO 4,,,ปลวกแดง,ระยอง,,,,,,
,โกดัง ไทยเรืองทอง-สาธุฯ 12,,,"38/2,3,4,5.",ซอยสาธุประดิษฐ์ 12,,เขตยานนาวา,กรุงเทพมหานคร,,,,,,
,บริษัท ศรีไทยเปเปอร์ซัพพลาย จำกัด,,,"62, 64, 66, 68",,,เขตบางขุนเทียน,กรุงเทพมหานคร,,,,,,
,บริษัท แอล. แอล. เอช. การพิมพ์และ,,,206/3-4  หมู่ที่ 8,ซอยวัดสวนส้ม ,,อำเภอพระประแดง,สมุทรปราการ,,,,,,
,บริษัท จูปิตัส จำกัด,,,"475, 477, 479, 481, 483.",ซอยอมรชัย,,เขตทวีวัฒนา,กรุงเทพมหานคร,,,,,,
,บริษัท สวนหลวงการพิมพ์ จำกัด,,,34,ซอยเฉลิมพระเกียรติ ร.9,,เขตประเวศ,กรุงเทพมหานคร,,,,,,
,บริษัท โรงงานสมุดแสงรุ้ง จำกัด,,,99/99 หมู่ 1,,,อำเภอบางกรวย,นนทบุรี,,,,,,
,ห้างหุ้นส่วนจำกัด แสงงามอุตสาหกรรม,,,50  หมู่ที่ 9,ซอยสุขสวัสดิ์ 47,,เขตพระประแดง,สมุทรปราการ,,,,,,
,บริษัท ยูไนเต็ด 1999 พลัซ จำกัด,,,1,ซอยข้างอำเภอ,,เมือง,ระยอง,,,,,,
,บริษัท คลังสมุดยงสวัสดิ์ จำกัด,,,107/2 ,ซอยเย็นอากาศ 2,,,กรุงเทพมหานคร,,,,,,
,โกดัง ไทยแพ็คพริ้นท์ - สาธุฯ 49,,,,ซอยสาธุประดิษฐ์ 49,,,กรุงเทพมหานคร,,,,,,
,บริษัท อินเตอร์เนชั่นแนล พริ้นติ้ง,,,10 .,ซอยบางแวก 110 แยก 2,,เขตภาษีเจริญ,กรุงเทพมหานคร,,,,,,
,บริษัท ไทยอ๊อฟเซท จำกัด,,,85/3 หมู่ที่ 1,,,บางปะกง,ฉะเชิงเทรา,,,,,,
,โกดัง บริษัท เพรสซิเดนท์เปเปอร์,,,229/9 หมู่ที่ 12 ,ซอยฮาโต้,,,สมุทรปราการ,,,,,,
,บริษัท เพชรบุรีสติกเกอร์ แอนด์ เทป,,,105 หมู่ที่ 2,,,เขาย้อย,เพชรบุรี,,,,,,
,โกดัง มาสเตอร์ฟอร์ม ลาดพร้าว 101,,,32 .,ซอยโพธิ์แก้ว 3 แยก 6,,เขตบางกะปิ,กรุงเทพมหานคร,,,,,,
,บริษัทแสงตะวันการพิมพ์ (1994) จำกัด,,,33/3 หมู่ที่ 5,,,กระทุ่มแบน,สมุทรสาคร,,,,,,
,บริษัท แอ๊คคิวเรท เพรส จำกัด,,,66/149-151 หมู่ที่ 6 ,ซอยเอกชัย 80,,เขตบางบอน,กรุงเทพมหานคร,,,,,,
,บริษัทดาต้าโปรดักส์ทอปปังฟอร์ม,,,218 นิคมอุตสาหกรรมลาดกระบัง,,,เขตลาดกระบัง,กรุงเทพมหานคร,,,,,,
,โรงงาน นิคมอุตสาหกรรมโรจนะ,,,1/83 หมู่ที่ 5,,,อุทัย,อยุธยา,,,,,,
,บริษัท พิมพ์ดีการพิมพ์ จำกัด,,,78/198-200 หมู่ที่ 5,ซอยโครงการ,,เขตคลองสามวา,กรุงเทพมหานคร,,,,,,
,บริษัท โมเดิร์นอลูมิเนียม ฟอล์ย,,,63,ซอยพระรามที่ 2 ซอย 3 แยก 3,,เขตจอมทอง,กรุงเทพมหานคร,,,,,,
,บริษัท เสริมไชยค้ากระดาษ จำกัด,,,54/1,ซอยโชคชัยจงจำเริญ,,เขตยานนาวา,กรุงเทพมหานคร,,,,,,
,บริษัท เบสท์ฟอร์ม พริ้นท์ จำกัด,,,42/16 หมู่ที่ 5,ซอยศิริชัย,,กระทุ่มแบน,สมุทรสาคร,,,,,,
,โกดังใหม่ศิริวัฒนา,,,55 หมู่ที่ 12 กม. 45,,,บางปะกง,ฉะเชิงเทรา,,,,,,
,บจก.ฟงซัน พริ้นติ้ง (FACTORY 1),,,78/2 หมู่ที่ 2 ,ซอยวัดบางวัว,,บางวัว,ฉะเชิงเทรา,,,,,,
,บริษัท คลังกระดาษไทย จำกัด,,,11 .,ซอยชีอุยชุมอุทิศ,,หาดใหญ่,สงขลา,,,,,,
,บริษัท ท็อปมัลติพริ้นทส์ จำกัด,,,30/8 ม.1,,,เมือง,สมุทรสาคร,,,,,,
,โกดังเพชรเกษม 81,,,265 หมู่ที่ 10,,,กระทุ่มแบน,สมุทรสาคร,,,,,,
,โรงงานโอจิเลเบล (ไทยแลนด์),,,309 หมู่ที่ 10,,,ศรีมหาโพธิ,ปราจีนบุรี,,,,,,
,โรงพิมพ์ทวีวัฒน์การพิมพ์,,,"19,21 .",ซอยอ่อนนุช 35,,เขตสวนหลวง,กรุงเทพมหานคร,,,,,,
,โกดัง อุตสาหกรรมกระดาษต่อเนี่อง,,,159,,,อำเภอบางพลี,สมุทรปราการ,,,,,,
,บริษัท ไทย โตโย อลูมิเนี่ยม,,,143/1 หมู่ที่ 3,,,ดอนตูม,นครปฐม,,,,,,
,บริษัท พราว เพรส (2002) จำกัด,,,56 .,ซอยลาซาล 11,,เขตบางนา,กรุงเทพมหานคร,,,,,,
,บริษัท อิทธิบาทเปเปอร์ 2545 จำกัด,,,3,ซอยชลบุรี-บ้านบึง 1,,บ้านบึง,ชลบุรี,,,,,,
,บริษัท กราเววร์ เอเชีย จำกัด,,,88/8 หมู่ที่ 2,,,สามพราน,นครปฐม,,,,,,
,บริษัท ท็อป ฟอร์มส คอมพิวเตอร์,,,30,ซอยเทียนทะเล 30,,เขตบางขุนเทียน,กรุงเทพมหานคร,,,,,,
,บริษัท โซโนโค (ประเทศไทย) จำกัด,,,68/13 หมู่ 5,,,บ้านบึง,ชลบุรี,,,,,,
,แจนเซนด์ ตัดกระดาษ,,,126-130.,ซอยสว่าง 8,,เขตบางรัก,กรุงเทพมหานคร,,,,,,
,บริษัท ศรีชัยธง จำกัด,,,1/17 หมู่ที่ 5,,,เขตบางแค,กรุงเทพมหานคร,,,,,,
,โรงงานเอส.อาร์.ที.พริ้นติ้ง,,,3761/166-167,,,เขตบางคอแหลม,กรุงเทพมหานคร,,,,,,
,บริษัท แอล พี นครธน จำกัด,,,168 .,ซอยสิรินธร 7,,เขตบางพลัด,กรุงเทพมหานคร,,,,,,
,ห้างหุ้นส่วนจำกัด จตุบูรพา,,,25/23 หมู่ที่ 6,,,เขตบางบอน,กรุงเทพมหานคร,,,,,,
,บริษัท คอมพิวเตอร์เวิลด์กรุ๊ป จำกัด,,,55/77 .,ซอยแบริ่ง 10,,อำเภอเมือง,สมุทรปราการ,,,,,,
,บริษัท เอส.อาร์.พริ้นติ้ง,,,2/103-106 หมู่ที่ 9,,,อำเภอปากเกร็ด,นนทบุรี,,,,,,
,บริษัท ช๊อป ฟอยล์ จำกัด,,,30/2 หมู่ที่ 8,,,อำเภอบางบัวทอง,นนทบุรี,,,,,,
,โรงงานชลบุรี สมบูรณ์วิสาหกิจ,,,124 หมู่ที่ 5,,,เมือง,ชลบุรี,,,,,,
,โรงพิมพ์รุ่งศิลป์ (สาย 5),,,,,,,นครปฐม,,,,,,
,บริษัท พีเอ็มซี เลเบิล แมททีเรียลส์,,,30/28 หมู่ที่ 2,,,เมือง,สมุทรสาคร,,,,,,
,บริษัท พิมพ์พิจิตร จำกัด,,,88/88 หมู่ที่ 2,,,ลาดหลุมแก้ว,ปทุมธานี,,,,,,
,ห้างหุ้นส่วนจำกัด เอส.แอล.พี.นวนคร,,,54/80-82 หมู่ที่ 13,,,คลองหลวง,ปทุมธานี,,,,,,
,บริษัท ไทยฮอสพิทอล โปรดักส์ จำกัด,,,"45/2, 45/3 หมู่ที่ 2",,,อำเภอปากเกร็ด,นนทบุรี,,,,,,
,บริษัท ตะวันออกการพิมพ์,,,"51/29,51/61.",ซอยวิภาวดีรังสิต 66,,อำเภอหลักสี่,กรุงเทพมหานคร,,,,,,
,บริษัท สำนักพิมพ์สุภา จำกัด,,,1.1812E+14,,,เขตบางพลัด,กรุงเทพมหานคร,,,,,,
,บริษัท หวังวัฒนาการพิมพ์ จำกัด,,,204/1.,ซอยพัฒนาการ 1,,เขตยานนาวา,กรุงเทพมหานคร,,,,,,
,บริษัท ทรีโอกราฟฟิคส์แอนด์พริ้นท์,,,999 หมู่ที่ 2,,,อำเภอเมือง,สมุทรปราการ,,,,,,
,บริษัท โรงงานลักกี้สตาร์การทอ,,,"33/8,33/11 หมู่ที่ 4",,,สามพราน,นครปฐม,,,,,,
,ห้างหุ้นส่วนจำกัด S.C.T. เปเปอร์,,,728/14.,ซอยประชาอุทิศ 75,,เขตทุ่งครุ,กรุงเทพมหานคร,,,,,,
,บริษัท เอส.เอ็ม.อี.พริ้นติ้ง,,,36/3  หมู่ที่ 3,ซอยสุขสวัสดิ์ 70,,อำเภอพระประแดง,สมุทรปราการ,,,,,,
,บริษัท ไทยอิมเมนซ์ จำกัด,,,10/1-35/1,ซอยบางกระดี่,,เขตบางขุนเทียน,กรุงเทพมหานคร,,,,,,
,บริษัท พี กรุ๊ป ไทย อินเตอร์ เทรด,,,1016,,,เขตสวนหลวง,กรุงเทพมหานคร,,,,,,
,บริษัท เอ็ม.ซี.ดี. การพิมพ์,,,111 หมู่ที่ 4 นิคมอุตสาหกรรมบางปู,,,อำเภอเมืองสมุทรปราการ,สมุทรปราการ,,,,,,
,บริษัท พรพิชชา พับลิชชิ่ง จำกัด,,,"31,33",,,เขตบางบอน,กรุงเทพมหานคร,,,,,,
,บริษัท บี.เค. อินเตอร์ปริ้นท์,,,2/1 หมู่ที่ 8 ,ซอยวัดพระเงิน,,อำเภอบางใหญ่,นนทบุรี,,,,,,
,โรงงานโอจิ เปเปอร์ (ไทยแลนด์),,,309 หมู่ที่ 10,,,ศรีมหาโพธิ,ปราจีนบุรี,,,,,,
,บริษัท เอสพริ้นท์ (2004) จำกัด,,,48/1 หมู่ที่ 11,,,ควนเนียง,สงขลา,,,,,,
,บริษัท สยามกระดาษกาว จำกัด,,,"25/2, 25/4-5",,,เขตจอมทอง,กรุงเทพมหานคร,,,,,,
,โรงงานที.เค.เอส. นิคมฯสินสาคร,,,30/88 นิคมอุตสาหกรรมสินสาคร,,,,สมุทรสาคร,,,,,,
,บริษัท เอส.พี. โพรเกรสสีพ กรุ๊ป,,,43313,,,นิคมพัฒนา,ระยอง,,,,,,
,สำนักงานสลากกินแบ่งรัฐบาล,,,582/9 ,ซอยสุขุมวิท 63,,เขตวัฒนา,กรุงเทพมหานคร,,,,,,
,บริษัท แพนด้า พริ้นติ้ง จำกัด,,,"15,17,19.",ซอยรามอินทรา 56,,เขตคันนายาว,กรุงเทพมหานคร,,,,,,
,โรงพิมพ์มหามกุฎราชวิทยาลัย-ศาลายา,,,92,,,พุทธมณฑล,นครปฐม,,,,,,
,บริษัท บีทูเอส จำกัด,,,57/4 หมู่ที่ 7,,,อำเภอบางพลี,สมุทรปราการ,,,,,,
,โรงงาน โรจนะ - ดี.เอช.เอ.,,,21/11 หมู่ที่ 9,,,อุทัย,อยุธยา,,,,,,
,โรงงานราชาการพิมพ์ (2002),,,"35,37 ",ซอยเพชรเกษม 41,,เขตบางแค,กรุงเทพมหานคร,,,,,,
,โกดังสหภัณฑ์-พระราม 5,,,145/12 หมู่ที่ 1,,,อำเภอบางกรวย,นนทบุรี,,,,,,
,โรงพิมพ์ยูไนเต็ด โปรดักชั่น,,,220 หมู่ที่ 13 ,ซอยเพชรเกษม 93 ถนนเพชรเกษม,,กระทุ่มแบน,สมุทรสาคร,,,,,,
,โรงงานสมุดสิริกิจ - ราษฎร์บูรณะ,,,432/784-5 ,ซอยประชาอุทิศ 79,,เขตราษฎร์บูรณะ,กรุงเทพมหานคร,,,,,,
,บริษัท พี เอ็น เค แอนด์,,,เลขที่ 5 ,ซอยมาเจริญ 1 แยก 1,,เขตหนองแขม,กรุงเทพมหานคร,,,,,,
,บริษัท เวิลด์ แพคเกจจิ้ง อินดัสตรี้,,,"10, 12 ",ซอยสะแกงาม 44,,เขตบางขุนเทียน,กรุงเทพมหานคร,,,,,,
,โกดัง เมย์ฟลาวเวอร์,,,32/57 หมู่ที่ 4,ซอยสุขสวัสดิ์ 2,,เขตจอมทอง,กรุงเทพมหานคร,,,,,,
,บริษัท แอล.ที.เพรส จำกัด,,,502 .,ซอยจรัญสนิทวงศ์ 65,,เขตบางพลัด,กรุงเทพมหานคร,,,,,,
,บัวทองแฟคทอรี่ 1,,,333/44 หมู่ที่ 3,,,อำเภอบางบัวทอง,นนทบุรี,,,,,,
,บริษัท เจ.พี.ซี. โค-บีซ (ไทยแลนด์),,,333/44 หมู่ที่ 3,,,อำเภอบางบัวทอง,นนทบุรี,,,,,,
,บริษัท ร็อคซี่ เปเปอร์ จำกัด,,,9,ซอยโชคชัยจงจำเริญ,,เขตยานนาวา,กรุงเทพมหานคร,,,,,,
,ห้างหุ้นส่วนจำกัด วิชรัตน์กรุ๊ป,,,89/42-43 หมู่ที่ 7,,,เขตบางแค,กรุงเทพมหานคร,,,,,,
,บริษัท สยามพริ้นท์ จำกัด,,,"66/26-29,115/66-67,69",,,เขตบึงกุ่ม,กรุงเทพมหานคร,,,,,,
,โรงงาน - อุตสาหกรรมสติ๊กเกอร์ไทย,,,143/2 หมู่ที่ 3,,,ดอนตูม,นครปฐม,,,,,,
,ปราณบุรี - บริษัท สยามแม็คโคร จำกัด,,,567 หมู่ที่ 3,,,ปราณบุรี,ประจวบคีรีขันธ์,,,,,,
,สระแก้ว - บริษัท สยามแม็คโคร จำกัด,,,1000,,,สระแก้ว,สระแก้ว,,,,,,
,บริษัท อิทธิบาทเปเปอร์ 2545 จำกัด,,,3 .,ซอยชลบุรี-บ้านบึง 1,,บ้านบึง,ชลบุรี,,,,,,
,เจริญพาณิชย์,,,124/19-20.,ซอยรามคำแหง 24,,เขตบางกะปิ,กรุงเทพมหานคร,,,,,,
,บริษัท เวอร์เท็กซ์ เทรดดิ้ง จำกัด,,,101/56 หมู่20,,,คลองหลวง,ปทุมธานี,,,,,,
,บริษัท ซิลเลี่ยน ซัพพลาย จำกัด,,,111/93 หมู่บ้านแฮปปี้แลนด์วิลล์,,,เขตบางนา,กรุงเทพมหานคร,,,,,,
,ร้าน อาทรพาณิชย์,,,305/4,,,เขตดุสิต,กรุงเทพมหานคร,,,,,,
,บริษัท ออฟฟิศเมท (ไทย) จำกัด,,,160 ถนนพระรามที่ 2,,,เขตบางขุนเทียน,กรุงเทพมหานคร,,,,,,
,บริษัท ออฟฟิศเมท (ไทย) จำกัด,,,669 อาคารห้างคาร์ฟูร์ ลาดพร้าว,,,เขตจตุจักร,กรุงเทพมหานคร,,,,,,
,บริษัท ออฟฟิศเมท (ไทย) จำกัด,,,อาคารห้างคาร์ฟูร์รามอินทรา,,,เขตบางเขน,กรุงเทพมหานคร,,,,,,
,บริษัท ออฟฟิศเมท (ไทย) จำกัด,,,9/9 ห้างคาร์ฟูร์บางใหญ่ ชั้น 2,,,อำเภอบางบัวทอง,นนทบุรี,,,,,,
,บริษัท ออฟฟิศเมท (ไทย) จำกัด,,,1759/5 ,ถนนเพชรเกษม,,เขตบางแค,กรุงเทพมหานคร,,,,,,
,บริษัท ออฟฟิศเมท (ไทย) จำกัด,,,55,ถนนศรีนครินทร์,,เขตประเวศ,กรุงเทพมหานคร,,,,,,
,บริษัท ออฟฟิศเมท (ไทย) จำกัด,,,68/100 หมู่ที่ 8 ,ถนนรัตนาธิเบศร์,,อำเภอเมือง,นนทบุรี,,,,,,
,บริษัท ออฟฟิศเมท (ไทย) จำกัด,,,2929,ถนนพระราม 4,,เขตคลองเตย,กรุงเทพมหานคร,,,,,,
,บริษัท ออฟฟิศเมท (ไทย) จำกัด,,,565/66 หมู่ที่ 10,,,บางละมุง,ชลบุรี,,,,,,
,บริษัท ออฟฟิศเมท (ไทย) จำกัด,,,อาคารตึกคอม ห้องเลขที่1A01 ชั้น1,,,ศรีราชา,ชลบุรี,,,,,,
,บริษัท ออฟฟิศเมท (ไทย) จำกัด,,,126 หมู่ที่ 3 ,ถนนสายเอเซีย,,เมือง,อยุธยา,,,,,,
,บริษัท ออฟฟิศเมท (ไทย) จำกัด,,,74-75 อาคารเซ็นทรัลเฟสติวัลภูเก็ต,,,เมือง,ภูเก็ต,,,,,,
,บริษัท ออฟฟิศเมท (ไทย) จำกัด,,,677 ห้างคาร์ฟูร์หาดใหญ่ ชั้น 1,,,หาดใหญ่,สงขลา,,,,,,
,โกดังลิ้มใหม่ สาย 5 - LPN GROUP,,,45/9,,,,นครปฐม,,,,,,
,บริษัท ศูนย์รวมกระดาษ (2002) จำกัด,,,93/1 หมู่ที่ 3,,,ศรีราชา,ชลบุรี,,,,,,
,ห้างหุ้นส่วนจำกัด กรุงเทพวิทยา,,,5/10 หมู่ที่ 6 ชินเขต 2/40,,,เขตหลักสี่,กรุงเทพมหานคร,,,,,,
,ร้านอักษรภัณฑ์ (ภูเก็ต),,,158/4,,,เมือง,ภูเก็ต,,,,,,
,โกดัง มหพงษ์-บางใหญ่,,,54/5 หมู่ที่ 9,,,อำเภอบางใหญ่,นนทบุรี,,,,,,
,ห้างหุ้นส่วนจำกัด บรรณสารสเตชั่น,,,928/7-8,,,เขตดุสิต,กรุงเทพมหานคร,,,,,,
,โกดัง บริษัท พี.พี.ซี. อุตสาหกรรม,,,26/10-11.,ซอยโรงหมี่,,อำเภอบางบัวทอง,นนทบุรี,,,,,,
,บริษัท อุดมภัณฑ์เปเปอร์ จำกัด,,,58,ซอยรังสิต-ปทุมธานี 15,,ธัญบุรี,ปทุมธานี,,,,,,
,โรงงานรีมส์ แอนด์ โรลล์ นิคมฯ,,,นิคมอุตสาหกรรมสินสาคร,,,,สมุทรสาคร,,,,,,
,บริษัท เอ็กซ์เซลซิเออร์ ซัพพลายส์,,,26/102 หมู่ 4,ซอยพระราม 2 ซอย 18,,เขตจอมทอง,กรุงเทพมหานคร,,,,,,
,บริษัท ไทย เคเค อุตสาหกรรม จำกัด,,,29/1 หมู่ 5 ,ซอยธรรมศิริ,,อำเภอบางเสาธง,สมุทรปราการ,,,,,,
,บริษัท ออฟฟิศเมท (ไทย) จำกัด,,,98 ถนนพหลโยธิน,,,ธัญบุรี,ปทุมธานี,,,,,,
,บริษัท ออฟฟิศเมท (ไทย) จำกัด,,,ศูนย์การค้าเซ็นทรัลพลาซาแจ้งวัฒนะ,,,อำเภอปากเกร็ด,นนทบุรี,,,,,,
,บริษัท ออฟฟิศเมท (ไทย) จำกัด,,,99 หมู่ที่ 8 ถนนพหลโยธิน,,,ลำลูกกา,ปทุมธานี,,,,,,
,บริษัท ออฟฟิศเมท (ไทย) จำกัด,,,323 ถนนสีลม,,,เขตบางรัก,กรุงเทพมหานคร,,,,,,
,บริษัท ออฟฟิศเมท (ไทย) จำกัด,,,31/1  ถนนพระราม 9,ซอยศูนย์วิจัย,,เขตห้วยขวาง,กรุงเทพมหานคร,,,,,,
,บริษัท ออฟฟิศเมท (ไทย) จำกัด,,,295 ถนนพระราม 3,,,เขตบางคอแหลม,กรุงเทพมหานคร,,,,,,
,นานาภัณฑ์ (สระบุรี),,,591/25,,,เมือง,สระบุรี,,,,,,
,บริษัท ออฟฟิศเมท (ไทย) จำกัด,,,55/88-55/89 ชั้น G หมู่ที่ 1,,,เมือง,ชลบุรี,,,,,,
,บริษัท วาย อาร์ ซี เท็กซ์ไทล์ จำกัด,,,"134,134/2-3 หมู่ที่ 6",,,กระทุ่มแบน,สมุทรสาคร,,,,,,
,ร้าน เชี่ยวชาญ,,,1507-1509,,,แก่งคอย,สระบุรี,,,,,,
,บริษัท จันวาณิชย์ ซีเคียวริตี้,,,30/24 หมู่ที่ 1,,,เมือง,สมุทรสาคร,,,,,,
,บริษัท สหชัยบราเดอร์ส จำกัด,,,43,,,เขตบางกะปิ,กรุงเทพมหานคร,,,,,,
,โกดัง หลินเคซี - เซนต์หลุยส์,,,33/35.,ซอยจันทน์ 18/7 แยก 3,,เขตสาทร,กรุงเทพมหานคร,,,,,,
,ร้านทรัพย์สุวรรณซัพพลาย,,,29921,,,เขตหนองเเขม,กรุงเทพมหานคร,,,,,,
,บริษัท ป.วัฒนา กรุ๊ป,,,21855,,,เมือง,อยุธยา,,,,,,
,ร้านวรรณวิมลสเตชั่นเนอรี่,,,4/21-25,,,เมือง,อยุธยา,,,,,,
,ร้านสบายใจค้าส่ง จังหวัดสระบุรี,,,248/1,,,เมือง,สระบุรี,,,,,,
,ห้างหุ้นส่วนจำกัด ผลิตภัณฑ์,,,142 หมู่ที่ 7 ,ซอยสุขาภิบาล 3,,กระทุ่มแบน,สมุทรสาคร,,,,,,
,บริษัท ไทยเปเปอร์ พลาส แพ็ค แอนด์,,,88 หมู่ 8,,,เมือง,ฉะเชิงเทรา,,,,,,
,ศูนย์กระจายสินค้า DC ลาดกระบัง,,,1035 หมู่ 9,,,เขตลาดกระบัง,กรุงเทพมหานคร,,,,,,
,ศูนย์กระจายสินค้า RDC ขอนแก่น,,,211 หมู่ 8,,,เมือง,ขอนแก่น,,,,,,
,ศูนย์กระจายสินค้า DC4 บางบัวทอง,,,148 หมู่ 7,,,อำเภอบางบัวทอง,นนทบุรี,,,,,,
,ศูนย์กระจายสินค้า RDC สุราษฎร์ธานี,,,189 หมู่ 8,,,ท่าฉาง,สุราษฎร์ธานี,,,,,,
,บริษัท ซีพี ออลล์ จำกัด (มหาชน),,,313 อาคาร ซี.พี.ทาวเวอร์ ชั้น 24,,,เขตบางรัก,กรุงเทพมหานคร,,,,,,
,ร้าน ศิริชัยศึกษาภัณฑ์,,,72/48-49,,,เมือง,นครปฐม,,,,,,
,บริษัท ที วี พี อินเตอร์ กรุ๊ป,,,490/8,,,เขตบางซื่อ,กรุงเทพมหานคร,,,,,,
,เปเปอร์มาร์ท,,,96 .,ซอยเสลาธง,,เมือง,เพชรบุรี,,,,,,
,โกดัง เอ็น เอส เอ็น โอเอซัพพลาย,,,22/105 หมู่ที่ 1,,,เขตคันนายาว,กรุงเทพมหานคร,,,,,,
,ร้านอักษรภัณฑ์ บ้านโป่ง,,,132,,,,ราชบุรี,,,,,,
,โกดัง เอ็ม.เอ็น.อินเตอร์,,,,,,เมือง,สมุทรสาคร,,,,,,
,บริษัท ไฮ มูน จำกัด,,,21/4 หมู่ 4,,,ไทรน้อย,นนทบุรี,,,,,,
,บริษัท เอก-ชัย ดีสทริบิวชั่น ซิสเทม,,,188/1 หมู่ที่ 4,,,วังน้อย,อยุธยา,,,,,,
,บริษัท ซี พี ซี ดีคอล จำกัด,,,362/4 หมู่ 17,,,บางเสาธง,สมุทรปราการ,,,,,,
,บริษัท ศิลปบรรณ จำกัด (ชลบุรี),,,206/4-5 หมู่ที่ 9,,,บางละมุง,ชลบุรี,,,,,,
,บริษัท เฟล็กโซพริ้นท์ (ไทยแลนด์),,,นิคมอุตสาหกรรมสินสาคร 30/52 หมู่ 1,,,เมือง,สมุทรสาคร,,,,,,
,บริษัท ดีจริงศึกษาภัณฑ์ จำกัด,,,ค.5/73-74,,,เมือง,อยุธยา,,,,,,
,ต. กิจวิบูลย์ โกดังเอกชัย-บางบอน 5,,,,ซอย 131,,เขตบางบอน,กรุงเทพมหานคร,,,,,,
,บริษัท อุดมภัณฑ์ ศูนย์เครื่องเขียน,,,115/7-8 หมู่ 2,,,อำเภอบางเสาธง,สมุทรปราการ,,,,,,
,ร้านวันชัย,,,4 หมู่ 6,,,ชัยบาดาล,ลพบุรี,,,,,,
,บริษัท ธนาเพรส จำกัด,,,9 .,ซอยลาดพร้าว 64 แยก 14,,เขตวังทองหลาง,กรุงเทพมหานคร,,,,,,
,โกดัง สุขสวัสดิ์ คอนเวิร์ทติ้ง,,,30/15 หมู่ที่ 1,,,เมือง,สมุทรสาคร,,,,,,
,บริษัท ออฟฟิศเมท (ไทย) จำกัด,,,122,,,เขตบางพลัด,กรุงเทพมหานคร,,,,,,
,บริษัท ราล์ฟ แปซิฟิค จำกัด,,,159,ซอยยาสูบ 1,,เขตจตุจักร,กรุงเทพมหานคร,,,,,,
,เปเปอร์อินเด็กซ์,,,8/8 .,ซอยรามอินทรา 93,,เขตคันนายาว,กรุงเทพมหานคร,,,,,,
,หน้ามหาวิทยาลัยนเรศวร,,,99 หมู่ 9,,,เมือง,พิษณุโลก,,,,,,
,โรงพิมพ์พิษณุโลกดอทคอม,,,23/28,,,เมือง,พิษณุโลก,,,,,,
,บริษัท ออฟฟิศเมท (ไทย) จำกัด,,,593 ชั้น G,,,เขตคันนายาว,กรุงเทพมหานคร,,,,,,
,โกดัง เอส แอนด์ พี อินเตอร์-กรุ๊ป,,,32,ซอยโพธิ์แก้ว 3 โกดังมนตรี F6,,เขตบางกะปิ,กรุงเทพมหานคร,,,,,,
,บริษัท นาฟ สเตชั่นเนอรี่ จำกัด,,,"199, 201",,,เมือง,นครราชสีมา,,,,,,
,เครื่องเขียนกุยบุรี - ประจวบคีรีขันธ์,,,808/1 หมู่ 1,,,กุยบุรี,ประจวบคีรีขันธ์,,,,,,
,บริษัท เจที อินดัสทรี จำกัด,,,224/5 หมู่ 8,,,อำเภอพระประแดง,สมุทรปราการ,,,,,,
,บริษัท วิชั่นพรีเพรส จำกัด,,,29/9 หมู่ 2,,,ลาดหลุมแก้ว,ปทุมธานี,,,,,,
,บริษัท คอมฟอร์ม จำกัด (โรงงานปราจีนบุรี),,,เลขที่ 226 หมู่ที่ 7,,,ศรีมหาโพธิ,ปราจีนบุรี,,,,,,
,บริษัท ยูดีเอส อินเตอร์พริ้นติ้ง,,,119-250 หมู่ที่ 6 ,ซอยกรุงเทพนนท์ 12,,อำเภอเมืองนนทบุรี,นนทบุรี,,,,,,
,บริษัท ออฟฟิศเมท (ไทย) จำกัด,,,"9/8, 9/9",,,เขตห้วยขวาง,กรุงเทพมหานคร,,,,,,
,ศูนย์มะเร็ง - ลพบุรี,,,44572,,,เมือง,ลพบุรี,,,,,,
,บริษัท ไทย อันเป่า ผลิตภัณฑ์,,,601 หมู่ 11,,,ศรีราชา,ชลบุรี,,,,,,
,บริษัท ไทย อันเป่า ผลิตภัณฑ์,,,11 .,ซอยมาเจริญ 1 แยก 3-2,,เขตหนองแขม,กรุงเทพมหานคร,,,,,,
,บริษัท อีสต์โคสท์เฟอร์นิเทค จำกัด,,,"29/1, 29/2 หมู่ที่3 ",ซอยชงโค-ชุมชนใน,,วังจันทร์,ระยอง,,,,,,
,โกดังสมุทรสาคร,,,136,,,กระทุ่มแบน,สมุทรสาคร,,,,,,
,หนองคาย - บริษัท สยามแม็คโคร จำกัด,,,232 หมู่ 12,,,เมือง,หนองคาย,,,,,,
,บริษัท ออฟฟิศเมท (ไทย) จำกัด,,,982/22 ห้อง B112 ,ถนนสุขุมวิท,,เขตคลองเตย,กรุงเทพมหานคร,,,,,,
,บริษัท ออฟฟิศเมท (ไทย) จำกัด,,,39 ชั้น P1 หมู่ 6,,,อำเภอบางพลี,สมุทรปราการ,,,,,,
,บริษัท ออฟฟิศเมท (ไทย) จำกัด,,,เลขที่ 277/3 ห้อง G23 ชั้น G,,,เมือง,อุดรธานี,,,,,,
,บริษัท เฟิสท์ ออฟเซท (1993) จำกัด,,,99/11 หมู่ 7,,,อำเภอบางบัวทอง,นนทบุรี,,,,,,
,โกดัง เอสพีพี - ตลาดน้อย,,,95/1-2 ,ซอยทิพยลาภ (เจริญกรุง 29),,เขตสัมพันธวงศ์,กรุงเทพมหานคร,,,,,,
,บริษัท ทีเอพีเอ็น เปเปอร์ จำกัด,,,29/1568,ซอยหทัยราษฎร์ 37,,เขตคลองสามวา,กรุงเทพมหานคร,,,,,,
,บริษัท มานิตวิทยา จำกัด,,,"76,77,78-79 ",ซอยศรีสุริโยทัย 1,,เมือง,ลพบุรี,,,,,,
,โกดัง ซี.เอ.เอส. เปเปอร์ - สมุทรสาคร,,,นิคมอุตสาหกรรมสินสาคร,,,,สมุทรสาคร,,,,,,
,บริษัท เค.เอส.โกลฟ จำกัด,,,44/84 หมู่ที่ 2,,,อำเภอปากเกร็ด,นนทบุรี,,,,,,
,บริษัท ออฟฟิศเมท (ไทย) จำกัด,,,607 ซีคอน บางแค B36 ชั้น B,,,เขตภาษีเจริญ,กรุงเทพมหานคร,,,,,,
,บริษัท ออฟฟิศเมท (ไทย) จำกัด,,,88/1 หมู่ที่ 10,,,เมือง,สุราษฎร์ธานี,,,,,,
,สมิลัน เพรส - ปัตตานี,,,3/202 หมู่ 1,,,เมือง,ปัตตานี,,,,,,
,ร้านโรงพิมพ์นำสวัสดิ์ สุพรรณบุรี,,,ตลาดบางลี่ 12,,,,สุพรรณบุรี,,,,,,
,บริษัท ออฟฟิศเมท (ไทย) จำกัด,,,319/1,,,เมือง,ลำปาง,,,,,,
,บริษัท ภัทรคอนเทนเนอร์ จำกัด,,,19/39 ,ซอยสินสุข (นวมินทร์ 103),,เขตบึงกุ่ม,กรุงเทพมหานคร,,,,,,
,บริษัท สุภาพฤกษ์ บิสซิเนส กรุ๊ป,,,88 หมู่ 3,,,แก่งคอย,สระบุรี,,,,,,
,บริษัท ทีเอ็มพีแพ็คเกจจิ้ง จำกัด,,,42/580 หมู่ที่ 5,,,สามพราน,นครปฐม,,,,,,
,สถาบันวิจัยจุฬาภรณ์,,,54,,,เขตหลักสี่,กรุงเทพมหานคร,,,,,,
,ห้างหุ้นส่วนจำกัด ไทยบุ๊คสโตร์,,,"2,4,6 ",ซอยรังสิต-ปทุมธานี 1,,ธัญบุรี,ปทุมธานี,,,,,,
,ศูนย์กระจายสินค้า RDC-ลำพูน,,,99 หมู่ 4,,,เมือง,ลำพูน,,,,,,
,ศูนย์กระจายสินค้าชลบุรี,,,22/5 หมู่ 10,,,ศรีราชา,ชลบุรี,,,,,,
,สถาบันวิจัยวิทยาศาสตร์สาธารณสุข,,,88/7 หมู่ 4,,,อำเภอเมือง,นนทบุรี,,,,,,
,โกดังนครราชสีมา - สมไทยเปเปอร์,,,306/3 (โกดังที่ 3) หมู่ 2,,,เมือง,นครราชสีมา,,,,,,
,บริษัท ซี.พี.อุตสาหกรรมบรรจุภัณฑ์,,,52 หมู่ 1,,,บางปะกง,ฉะเชิงเทรา,,,,,,
,ธนาคาร บีเอ็นพี พารีบาส์,,,อาคารอับดุลราฮิม ชั้น 29,,,เขตบางรัก,กรุงเทพมหานคร,,,,,,
,คลองหลวง ปทุมธานี - กลุ่มสยามบรรจุ,,,101/66 หมู่ 20,,,คลองหลวง,ปทุมธานี,,,,,,
,ห้างหุ้นส่วนจำกัด ไร้ซ์เปเปอร์,,,28/31 ,ซอยยศเส,,เขตป้อมปราบศัตรูพ่าย,กรุงเทพมหานคร,,,,,,
,ศาลาพระเกี้ยว - ศูนย์หนังสือแห่ง,,,,,,,กรุงเทพมหานคร,,,,,,
,สยามสแควร์ - ศูนย์หนังสือแห่ง,,,อาคารวิทยกิตติ์ ซอยจุฬา 64,,,,กรุงเทพมหานคร,,,,,,
,ราชบุรี - กลุ่มสยามบรรจุภัณฑ์,,,125 หมู่ 1,,,บางแพ,ราชบุรี,,,,,,
,หจก.พูนทรัพย์โกดัง,,,15,,,เขตบางขุนเทียน,กรุงเทพมหานคร,,,,,,
,บริษัท ธนบุรี เฮลท์แคร์ กรุ๊ป จำกัด,,,34/1 ,ซอยอิสรภาพ 44,,เขตบางกอกน้อย,กรุงเทพมหานคร,,,,,,
,บริษัท มติชน จำกัด (มหาชน),,,12 หมู่บ้านประชานิเวศน์ 1,,,เขตจตุจักร,กรุงเทพมหานคร,,,,,,
,บริษัท ซี.ดับบลิว.ดี.อินเตอร์,,,58/13 หมู่5 ,ซอยสุขสวัสดิ์14,,เขตจอมทอง,กรุงเทพมหานคร,,,,,,
,บริษัท ออฟฟิศเมท (ไทย) จำกัด,,,201 หมู่ที่ 7,,,เมือง,เชียงใหม่,,,,,,
,บริษัท ออฟฟิศเมท (ไทย) จำกัด,,,"ห้อง G01 ชั้น G 99,99/1,99/2 หมู่ 4",,,เมือง,เชียงใหม่,,,,,,
,บริษัท บีทูเอส จำกัด,,,57/4 หมู่ที่ 7,,,อำเภอบางพลี,สมุทรปราการ,,,,,,
,บริษัท ออฟฟิศเมท (ไทย) จำกัด,,,ชั้น 1 เลขที่ 99 หมู่ 7,,,เมือง,สระบุรี,,,,,,
,บริษัท แอล พี นครธน จำกัด,,,168,ซอยสิรินธร 7,,เขตบางพลัด,กรุงเทพมหานคร,,,,,,
,บริษัท ออฟฟิศเมท (ไทย) จำกัด,,,"4/222 ชั้น 2 ห้องเลขที่ 2S19/1,2S19",,,ศรีราชา,ชลบุรี,,,,,,
,บริษัท ออฟฟิศเมท (ไทย) จำกัด,,,1520,,,หาดใหญ่,สงขลา,,,,,,
,บริษัท ก.สหภัณฑ์ สเตชั่นเนอรี่,,,200/79 หมู่ที่ 2 ,ซอยรัฐบำรุง 5,,ปราณบุรี,ประจวบคีรีขันธ์,,,,,,
,หจก.สมใจวัสดุ - ปราจีนบุรี,,,138-140,,,เมือง,ปราจีนบุรี,,,,,,
,หจก. เสริมชาติ - ลพบุรี,,,96/42 หมู่ 4,,,เมือง,ลพบุรี,,,,,,
,สาขาบึงกาฬ - บริษัท สยามแม็คโคร,,,680 หมู่ 7,,,เมือง,บึงกาฬ,,,,,,
,ห้างหุ้นส่วนจำกัด เอ.บี.เค.,,,573/1,,,เมือง,สระบุรี,,,,,,
,บริษัท ธารารักษ์เปเปอร์กรุ๊ป จำกัด,,,190/26-27,,,เมือง,นครศรีธรรมราช,,,,,,
,ร้านพิมลภัณฑ์ - ลพบุรี,,,50-50/1,,,เมือง,ลพบุรี,,,,,,
,ร้าน ที.เค.แอล หนังสือสื่อเครื่อง,,,18,,,,ลพบุรี,,,,,,
,ศูนย์กระจายสินค้า คลังมหาชัย,,,44603,,,เมือง,สมุทรสาคร,,,,,,
,บริษัท ฟู่ซุ่น สติ๊กเกอร์ จำกัด,,,401 หมู่ 4,,,อำเภอเมืองสมุทรปราการ,สมุทรปราการ,,,,,,
,โกดังชลบุรี ฟู่ซุ่น สติ๊กเกอร์,,,57 หมู่ 6,,,เมือง,ชลบุรี,,,,,,
,โกดังบุปผาราม (เทศบาลสาย 2),,,405-409,,,เขตธนบุรี,กรุงเทพมหานคร,,,,,,
,บริษัท โกลบอล คอนซูเมอร์ จำกัด,,,28,ซอยแสมดำ 17,,เขตบางขุนเทียน,กรุงเทพมหานคร,,,,,,
,ห้องแยกเอกสาร (หลังอาคาร 4),,,1,,,เขตบางซื่อ,กรุงเทพมหานคร,,,,,,
,บริษัท ซัสโก้ จำกัด (มหาชน),,,139,,,เขตราษฎร์บูรณะ,กรุงเทพมหานคร,,,,,,
,ร้านใบตอง,,,"162/19, 29, 31 หมู่ 12",,,พระพุทธบาท,สระบุรี,,,,,,
,คณะวิทยาศาสตร์ จุฬาลงกรณ์,,,อาคารแถบนีละนิธิ ห้องพัสดุ,,,เขตปทุมวัน,กรุงเทพมหานคร,,,,,,
,สำนักงานประกันสังคม,,,88/28 หมู่ 4,,,อำเภอเมืองนนทบุรี,นนทบุรี,,,,,,
,โกดังใหม่ พี.ที.เอ็ม. - เชียงใหม่,,,141/343,,,,เชียงใหม่,,,,,,
,บริษัท เฮงเป้งฮง จำกัด,,,352/22,,,เมือง,สระบุรี,,,,,,
,บริษัท ออฟฟิศเมท (ไทย) จำกัด,,,99/8 หมู่ 8,,,เมือง,สมุทรสาคร,,,,,,
,บริษัท ออฟฟิศเมท (ไทย) จำกัด,,,"99/19, 99/20 หมู่ 2",,,สามพราน,นครปฐม,,,,,,
,บริษัท เลิฟเเอนด์ลิพเพลส จำกัด,,,9.69972E+20,,,เขตคลองสามวา,กรุงเทพมหานคร,,,,,,
,บริษัท แอล ที เค อินเตอร์เทรดดิ้ง,,,"10/39,10/106 หมู่ที่ 3",,,เมือง,ชลบุรี,,,,,,
,ไทภูมิ พับลิชชิ่ง - ปากเกร็ด,,,24 หมู่ 7,,,อำเภอปากเกร็ด,นนทบุรี,,,,,,
,บริษัท ออฟฟิศเมท (ไทย) จำกัด,,,ชั้นที่ 1 เลขที่ 910,,,เมือง,ฉะเชิงเทรา,,,,,,
,บริษัท เอ็น พี เค มาสเตอร์แพลน,,,11-13 .,ซอยบางนา-ตราด 12,,เขตบางนา,กรุงเทพมหานคร,,,,,,
,วินเปเปอร์ โปรดักส์ - สาธุ 49,,,,ซอยโชคชัยจงจำเริญ 17,,เขตยานนาวา,กรุงเทพมหานคร,,,,,,
,บริษัท สหศรีรัตนสมบุญ จำกัด,,,"9,11,13 ตรอกกัปตันบุช",,,เขตบางรัก,กรุงเทพมหานคร,,,,,,
,ห้างหุ้นส่วนจำกัด เค.ซี.แอนด์ คลีน,,,23 หมู่ 3,,,เมือง,สิงห์บุรี,,,,,,
,บริษัท เจ.ซี.เลซ จำกัด - นครปฐม,,,254 หมู่ 3,,,เมือง,นครปฐม,,,,,,
,บริษัท ออฟฟิศเมท (ไทย) จำกัด,,,789 หมู่2 ชั้น1,,,,สมุทรปราการ,,,,,,
,บริษัท แอคทีฟ ทีม (1999) จำกัด,,,9/164,,,เขตบางแค,กรุงเทพมหานคร,,,,,,
,บริษัท ดีแบค (ประเทศไทย) จำกัด,,,9/8 หมู่ที่ 3,,,ลาดหลุมแก้ว,ปทุมธานี,,,,,,
,อัมพวา-บริษัท พรีแพค ประเทศไทย,,,1/1 หมู่ที่ 4,,,อัมพวา,สมุทรสงคราม,,,,,,
,คณะครุศาสตร์อุตสาหกรรมและเทคโนโลยี,,,คณะครุศาสตร์อุตสาหกรรม,,,,กรุงเทพมหานคร,,,,,,
,บริษัท ไบรท์ ไอเดีย ซัพพลาย,,,338 หมู่ 4,,,เมือง,สุราษฎร์ธานี,,,,,,
,บริษัท ออฟฟิศเมท (ไทย) จำกัด,,,10 หมู่ที่ 2,,,ลำลูกกา,ปทุมธานี,,,,,,
,ชลบุรี - กลุ่มสยามบรรจุภัณฑ์,,,321/9 หมู่ 6,,,ศรีราชา,ชลบุรี,,,,,,
,ร้าน พี.เจ.หนังสือ - ลพบุรี,,,160/36 หมู่ 1,,,พัฒนานิคม,ลพบุรี,,,,,,
,พัสดุคณะวิทยาศาสตร์,,,,,,,กรุงเทพมหานคร,,,,,,
,บริษัท เค.ซี.แอล. มาร์เก็ตติ้ง,,,84 หมู่ที่ 6,,,เมือง,สมุทรสาคร,,,,,,
,ร้าน บูรณะพาณิชย์,,,61-65,,,เมือง,ตราด,,,,,,
,บริษัท ฟีนิกซ์กระดาษไทย จำกัด,,,88/9-11 หมู่ 4,,,นครชัยศรี,นครปฐม,,,,,,
,ตึกอธิการบดี ชั้น 3 ส่วนพัสดุ,,,,,,,กรุงเทพมหานคร,,,,,,
,บริษัท ออฟฟิศเมท (ไทย) จำกัด,,,303 หมู่ที่ 1,,,ถลาง,ภูเก็ต,,,,,,
,ฝาง - บริษัท สยามแม็คโคร,,,61 หมู่ที่3,,,ฝาง,เชียงใหม่,,,,,,
,บริษัท แพนด้า เปเปอร์ คาร์ตันส,,,120 หมู่ที่ 3,,,พานทอง,ชลบุรี,,,,,,
,ร้าน สัตหีบมณีรักษ์,,,21/37 หมู่4 ,ซอยวัดเทพประสาท,,สัตหีบ,ชลบุรี,,,,,,
,สาขานครอินทร์ - บริษัท สยามแม็คโคร,,,60 หมู่ที่1,,,อำเภอเมืองนนทบุรี,นนทบุรี,,,,,,
,บริษัท ออฟฟิศเมท (ไทย) จำกัด,,,831,,,เขตปทุมวัน,กรุงเทพมหานคร,,,,,,
,หจก. ซี เเอนด์ เอ็น บุ๊ค,,,82,ซอยพุทธบูชา 44,,เขตทุ่งครุ,กรุงเทพมหานคร,,,,,,
,บริษัท ไพรม์บ๊อกซ์ เอ็มเอฟจี จำกัด,,,111 หมู่ที่ 7,ซอยมหาชัย,,อำเภอบางพลี,สมุทรปราการ,,,,,,
,โรงงาน SKIC-WS - สยามคราฟท์อุต,,,99 หมู่ 6,,,ท่าม่วง,กาญจนบุรี,,,,,,
,บริษัท ปาธัช จำกัด,,,"895,896 หมู่ที่ 5",,,,สมุทรปราการ,,,,,,
,โรงงาน บริษัท เค-เฟรช จำกัด,,,โรงงาน 139/5 หมู่ 2,,,บ้านแพ้ว,สมุทรสาคร,,,,,,
,บริษัท ไทย อันเป่า ผลิตภัณฑ์กระดาษ,,,43/244 หมู่ที่ 4,,,ปลวกแดง,ระยอง,,,,,,
,เสริมศิริกิจ,,,888/27 ซอยบ้านเช่า,,,,สมุทรสาคร,,,,,,
,โรงเรียนธรรมภิรักษ์,,,22,,,เขตบางพลัด,กรุงเทพมหานคร,,,,,,
,สำนักงานส่งเสริมการปกครองท้องถิ่น,,,ศาลากลางจังหวัดปทุมธานี,,,เมือง,ปทุมธานี,,,,,,
,กองการพิมพ์ กรมที่ดิน,,,,ซอยบรมราชชนนี 46,,เขตตลิ่งชัน,กรุงเทพมหานคร,,,,,,
,สาขาพะเยา - บริษัท สยามแม็คโคร,,,459/5 ถนนพหลโยธิน,,,,พะเยา,,,,,,
,โรงเรียนวัดนายโรง,,,685/2,,,เขตบางกอกน้อย,กรุงเทพมหานคร,,,,,,
,บริษัท ออฟฟิศเมท (ไทย) จำกัด,,,"199,199/1,199/2 หมู่6 ห้อง G-03",,,อำเภอบางใหญ่,นนทบุรี,,,,,,
,โรงพยาบาลบางบ่อ,,,89 หมู่ 1,,,อำเภอบางบ่อ,สมุทรปราการ,,,,,,
,บริษัท ออฟฟิศเมท (ไทย) จำกัด,,,7/1 อาคารเทสโก้ โลตัส,,,เขตดินแดง,กรุงเทพมหานคร,,,,,,
,ห้างหุ้นส่วนจำกัด ศึกษาภัณฑ์,,,149/6-7,,,เมือง,กาญจนบุรี,,,,,,
,ร้านแจ่มเจริญศึกษาภัณฑ์,,,,,,,นครนายก,,,,,,
,พิษณุโลก2 - บริษัท สยามแม็คโคร,,,410/4 หมู่ที่ 7,,,เมือง,พิษณุโลก,,,,,,
,บริษัท เทพผดุงพรมะพร้าว จำกัด,,,5/895,,,เขตบางกอกน้อย,กรุงเทพมหานคร,,,,,,
,บริษัท ออฟฟิศเมท (ไทย) จำกัด,,,3109,,,เขตบางกะปิ,กรุงเทพมหานคร,,,,,,
,บริษัท ออฟฟิศเมท (ไทย) จำกัด,,,99 ชั้น2 หมู่ที่1,,,อำเภอปากเกร็ด,นนทบุรี,,,,,,
,โกดัง 2 (บีอาร์ บูรพา),,,119 หมู่ 5,,,หนองใหญ่,ชลบุรี,,,,,,
,บริษัท ง่วนซุ่นเต็ก,,,96 หมูที่ 7,,,อำเภอบางบัวทอง,นนทบุรี,,,,,,
,บริษัท ฟูจิ ซีล แพคเกจจิ้ง,,,242/2 หมู่ที่ 1,,,อำเภอเมืองสมุทรปราการ,สมุทรปราการ,,,,,,
,บริษัท ความสัมพันธ์ จำกัด,,,55/1-4 หมู่ที่ 7,,,อำเภอบางกรวย,นนทบุรี,,,,,,
,โรงงาน เวอร์เท็กซ์ เทรดดิ้ง (ใหม่),,,101/56 หมู่ที่ 20,,,คลองหลวง,ปทุมธานี,,,,,,
,บริษัท เทพผดุงพรมะพร้าว จำกัด,,,99 หมู่ที่ 4 ,ซอยกระทุ่มล้ม 27,,สามพราน,นครปฐม,,,,,,
,กรมที่ดิน คลังพัสดุ 3,,,,,,เขตบางขุนเทียน,กรุงเทพมหานคร,,,,,,
,บริษัท ออฟฟิศเมท (ไทย) จำกัด,,,"69,69/1,69/2 ห้องเลขที่G02 ชั้น1",,,เขตลาดพร้าว,กรุงเทพมหานคร,,,,,,
,หจก.พีเอ็น เค การพิมพ์,,,5,ซอยเพชรเกษม 81,,เขตหนองแขม,กรุงเทพมหานคร,,,,,,
,ห้างหุ้นส่วนจำกัด แกรนด์,,,92/39 ,ซอยพัฒนาการ40,,เขตสวนหลวง,กรุงเทพมหานคร,,,,,,
,โครงการสวนดุสิต กราฟฟิคไซท์,,,295 มหาวิทยาลัยราชภัฏสวนดุสิต,,,เขตดุสิต,กรุงเทพมหานคร,,,,,,
,นิคมสินสาคร,,,30/145 หมู่ที่ 1,,,เมือง,สมุทรสาคร,,,,,,
,บริษัท ซินเนอร์จี้ แพค จำกัด,,,84/23 หมู่ที่ 4,,,เมือง,สมุทรสาคร,,,,,,
,องค์การส่งเสริมกิจการโคนม,,,160,,,มวกเหล็ก,สระบุรี,,,,,,
,บริษัท สยาม คอนเวิร์ทติ้ง จำกัด,,,95/38 หมู่ 8,ซอยสุขสวัสดิ์,,อำเภอพระสมุทรเจดีย์,สมุทรปราการ,,,,,,
,หจก.โชคภูชิชย์ ขนส่ง,,,ศูนย์ขนส่งพุทธมณฑล สาย 4,,,สามพราน,นครปฐม,,,,,,
,บริษัท ออฟฟิศเมท (ไทย) จำกัด,,,7/222 ห้องเลขที่ B01 ชั้นB,,,เขตบางกอกน้อย,กรุงเทพมหานคร,,,,,,
,ร้านกิ่งทอง สเตชั่นเนอรี่,,,,,,เขตคลองเตย,กรุงเทพมหานคร,,,,,,
,โกดังกรกฤชเปเปอร์ วงแหวนตะวันออก,,,11,ซอยเฉลิมพระเกียรติ ร.9,,เขตประเวศ,กรุงเทพมหานคร,,,,,,
,ห้างหุ้นส่วนจำกัด คลังเครื่องเขียน,,,305/6-7-8,,,เมือง,พิษณุโลก,,,,,,
,โรงงานใหม่ ยูนิเวอร์แซล - สมุทรสาคร,,,88/42 หมู่ 9,,,เมือง,สมุทรสาคร,,,,,,
,บริษัท ออฟฟิศเมท (ไทย) จำกัด,,,"ห้องเลขที่ 202 ชั้น2 เลขที่ 8,9/8",,,พระพรหม,นครศรีธรรมราช,,,,,,
,บริษัท ออฟฟิศเมท (ไทย) จำกัด,,,เลขที่ 89 หมู่8,,,อำเภอบางพลี,สมุทรปราการ,,,,,,
,โรงงานใหม่รอยัลไร่ขิง,,,123 หมู่ ที่ 10 ตำบลไร่ขิง,,,สามพราน,นครปฐม,,,,,,
,บริษัท ธนกรเปเปอร์วัน จำกัด,,,122  หมู่ 5,ซอยบางด้วน,,อำเภอเมืองสมุทรปราการ,สมุทรปราการ,,,,,,
,บริษัท ไทย เคเค อุตสาหกรรม จำกัด,,,29/1 หมู่ที่ 5 ,ซอยธรรมศิริ,,อำเภอบางเสาธง,สมุทรปราการ,,,,,,
,บริษัท ออฟฟิศเมท (ไทย) จำกัด,,,เลขที่449 หมู่ที่5 ชั้น1F,,,เมือง,สุพรรณบุรี,,,,,,
,กรีนเวิลด์เปเปอร์,,,เลขที่ 9/5 หมู่ 10,,,ลาดหลุมแก้ว,ปทุมธานี,,,,,,
,องค์การบริหารส่วนจังหวัดระยอง,,,140 หมู่ 2,,,เมือง,ระยอง,,,,,,
,บริษัท ออฟฟิศเมท (ไทย) จำกัด,,,ชั้นที่ 1F เลขที่ 110 หมู่ที่ 9,,,เมือง,กาญจนบุรี,,,,,,
,บริษัท นิสชิน ฟูดส์ (ไทยแลนด์),,,83/43 หมู่ที่ 19,,,คลองหลวง,ปทุมธานี,,,,,,
,บริษัท ออฟฟิศเมท (ไทย) จำกัด,,,อาคารศูนย์การค้าบิ๊กซี,,,อำเภอพระประแดง,สมุทรปราการ,,,,,,
,สำนักพิมพ์รามคำแหง อาคาร 2,,,อ.สำนักพิมพ์รามคำแหง,,,เขตบางกะปิ,กรุงเทพมหานคร,,,,,,
,บางบัวทอง - บริษัท สยามแม็คโคร,,,47 หมู่ที่ 2,,,อำเภอบางบัวทอง,นนทบุรี,,,,,,
,ห้างหุ้นส่วนจำกัด อัลเทอร์เนทพลัส,,,216,,,หาดใหญ่,สงขลา,,,,,,
,ร้าน เคพี,,,36,,,เมือง,สระแก้ว,,,,,,
,อาคาร 2 ชั้นใต้ดิน,,,555,,,เขตจตุจักร,กรุงเทพมหานคร,,,,,,
,อาคาร 6 ชั้น1,,,555,,,เขตจตุจักร,กรุงเทพมหานคร,,,,,,
,สำนักงานสภาความมั่นคงแห่งชาติ,,,1 ทำเนียบรัฐบาล,,,เขตดุสิต,กรุงเทพมหานคร,,,,,,
,ร้าน คลังวิทยา จ.สระแก้ว,,,1/34-5,,,อรัญประเทศ,สระแก้ว,,,,,,
,ห้างหุ้นส่วนจำกัด เอ็ม.อี.ซี.,,,4/2 หมู่ที่ 2,,,กระทุ่มแบน,สมุทรสาคร,,,,,,
,บริษัท ออฟฟิศเมท (ไทย) จำกัด,,,ชั้นที่ 1 เลขที่ 162 หมู่ที่ 1,,,บ้านลาด,เพชรบุรี,,,,,,
,โกดังพุทธมณฑล สาย8,,,8/18 หมู่ 4,,,นครชัยศรี,นครปฐม,,,,,,
,บจก. แหลมฉบังเครื่องเขียน(1995),,,88/9-12 หมู่9,,,ศรีราชา,ชลบุรี,,,,,,
,ร้าน วิชาภัณฑ์,,,416-417 หมู่ 10,,,วิหารแดง,สระบุรี,,,,,,
,บริษัท ไทยรวมสินพัฒนาอุตสาหกรรม,,,94/6 หมู่ที่ 7,,,เมือง,สมุทรสาคร,,,,,,
,บริษัท ออฟฟิศเมท (ไทย) จำกัด,,,129 ชั้นที่ 1 เลขที่ 177,,,เขตบางกะปิ,กรุงเทพมหานคร,,,,,,
,ร้าน ทวีภัณฑ์,,,103/1,,,เมือง,สระแก้ว,,,,,,
,บริษัท ออฟฟิศเมท (ไทย) จำกัด,,,อาคาร เทสโก้ โลตัส เลขที่ 191,,,เมือง,กระบี่,,,,,,
,สมไทย โกดัง สาย 8,,,8/18 หมู่ 4,,,นครชัยศรี,นครปฐม,,,,,,
,บริษัท ไทย เปเปอร์ ดี จำกัด,,,284 หมู่ที่ 1,,,กระทุ่มแบน,สมุทรสาคร,,,,,,
,"BANK OF AMERICA,",,,WIRELESS ROAD 87/2,,,เขตปทุมวัน,กรุงเทพมหานคร,,,,,,
,บริษัท ออฟฟิศเมท (ไทย) จำกัด,,,ศูนย์การค้าเซ็นทรัลพลาซา นครราชสีมา,,,เมือง,นครราชสีมา,,,,,,
,บริษัท ออฟฟิศเมท (ไทย) จำกัด,,,อาคารเซ็นทรัลพลาซา มหาชัย,,,เมือง,สมุทรสาคร,,,,,,
,บริษัท พีรุ่งโรจน์การพิมพ์,,,844/7-9 ซอย 25,,,เขตราชเทวี,กรุงเทพมหานคร,,,,,,
,โรงงาน บีเอ็ม พริ้นท์ติ้ง,,,51/161-162 หมู่ 4,,,เขตตลิ่งชัน,กรุงเทพมหานคร,,,,,,
,บริษัท สหออฟฟิศ จำกัด,,,186 หมู่ 21,ซอยเพชรงาม,,อำเภอบางพลี,สมุทรปราการ,,,,,,
,บริษัท ออฟฟิศเมท (ไทย) จำกัด,,,98/103 หมู่13 อาคารเทสโก้ โลตัส,,,คลองหลวง,ปทุมธานี,,,,,,
,บริษัท ออฟฟิศเมท (ไทย) จำกัด,,,ศูนย์การค้าเซ็นทรัลพลาซ่าขอนแก่น,,,เมือง,ขอนแก่น,,,,,,
,สำนักงานกองบัญชาการกองทัพไทย,,,127 อาคาร 13 ชั้น2,,,เขตหลักสี่,กรุงเทพมหานคร,,,,,,
,คณะศิลปศาสตร์ อาคารจอมไตร,,,1,,,เขตลาดกระบัง,กรุงเทพมหานคร,,,,,,
,ห้างหุ้นส่วนจำกัด เปเปอร์ แอนด์,,,"406/54,56",,,เขตคลองสามวา,กรุงเทพมหานคร,,,,,,
,ศูนย์กระจายสินค้า RDC บุรีรัมย์,,,เลขที่ 46 หมู่ 5,,,เมือง,บุรีรัมย์,,,,,,
,บริษัท สุนทรธุรกิจ (2016) จำกัด,,,167/14-15,,,เขตพระนคร,กรุงเทพมหานคร,,,,,,
,โกดัง ภัทรคอนเทนเนอร์,,,4/21 หมู่ที่ 13,,,เขตหนองจอก,กรุงเทพมหานคร,,,,,,
,คลังสุวินทวงศ์,,,36/5 หมู่4,,,เมือง,ฉะเชิงเทรา,,,,,,
,บริษัท บางบอนอุตสาหกรรม จำกัด,,,2,ซอยเอกชัย 60,,เขตบางบอน,กรุงเทพมหานคร,,,,,,
,บริษัท โรงพิมพ์รตนพร จำกัด,,,111/21-22 ,ซอยองครักษ์ 13,,เขตดุสิต,กรุงเทพมหานคร,,,,,,
,ห้องทำข้อสอบ คณะครุศาสตร์,,,1,,,เขตลาดกระบัง,กรุงเทพมหานคร,,,,,,
,บริษัท ไฮแลนด์ อุตสาหกรรม จำกัด,,,33/14-15 หมู่ที่ 8,,,ตำบลบางตลาด,นนทบุรี,,,,,,
,สถาบันวิจัยและเทคโนโลยี ปตท.,,,71 หมู่ 2,,,วังน้อย,อยุธยา,,,,,,
,บริษัท กู้เกียรติ บรรจุภัณฑ์ จำกัด,,,59/5 หมู่ 3 ,ซอยวัดเสาธงกลาง,,อำเภอบางเสาธง,สมุทรปราการ,,,,,,
,ร้าน อักษรภัณฑ์,,,53 หมู่ 6,,,อู่ทอง,สุพรรณบุรี,,,,,,
,ธิติวัฒน์ การพิมพ์,,,107/6 หมู่ 7,,,อำเภอบางกรวย,นนทบุรี,,,,,,
,บริษัท พรีซิชั่น พริ้นท์ จำกัด,,,30/139 หมู่ที่1,,,เมือง,สมุทรสาคร,,,,,,
,GCS (โกดัง),,,2/2 หมู่ 11,,,คลองหลวง,ปทุมธานี,,,,,,
,บริษัท ออฟฟิศเมท (ไทย) จำกัด,,,อาคาร เดอะ ซีซันส์ มอลล์,,,เขตพญาไท,กรุงเทพมหานคร,,,,,,
,บริษัท บิ๊กซี ซูเปอร์เซ็นเตอร์,,,เลขที่ 28 หมู่3,,,คลองหลวง,ปทุมธานี,,,,,,
,บริษัท กิจโกศลบุ๊คเซนเตอร์ จำกัด,,,"4/84,4/85,4/86,4/87",,,เมือง,สุพรรณบุรี,,,,,,
,บริษัท ออฟฟิศเมท (ไทย) จำกัด,,,อาคาร อัศวรรณ ช้อปปิ้ง คอมเพล็กซ์2,,,เมือง,หนองคาย,,,,,,
,สตาร์สเตชันเนอรี่ (โกดังใหม่),,,44/7-8 หมู่2 ,ซอยวัดส้มเกลี้ยง,,อำเภอบางใหญ่,นนทบุรี,,,,,,
,บริษัท ออฟฟิศเมท (ไทย) จำกัด,,,อาคารเทสโก้โลตัส ห้อง036P2031,,,เขตราษฎร์บูรณะ,กรุงเทพมหานคร,,,,,,
,บริษัท ปิยะญาดา จำกัด,,,58/67 หมู่ที่ 1,,,เขตบางขุนเทียน,กรุงเทพมหานคร,,,,,,
,บริษัท แอล แอนด์ พี เทรดดิ้ง,,,1/182 หมู่ 7,,,อำเภอเมืองสมุทรปราการ,สมุทรปราการ,,,,,,
,บางนาตราด - บริษัท ดูโฮม จำกัด,,,กม.38,,,บางปะกง,ฉะเชิงเทรา,,,,,,
,พระราม 2 - บริษัท ดูโฮม จำกัด,,,88/8 หมู่ 2,,,เมือง,สมุทรสาคร,,,,,,
,บางบัวทอง - บริษัท ดูโฮม จำกัด,,,88 หมู่ 5,,,อำเภอบางบัวทอง,นนทบุรี,,,,,,
,บริษัท เคที แพ็คเกจจิ้ง,,,44815,,,เมือง,นครปฐม,,,,,,
,สาขากบินทร์บุรี - บริษัท สยามแม็คโคร,,,200 หมู่ที่ 8,,,กบินทร์บุรี,ปราจีนบุรี,,,,,,
,บริษัท ซันเปเปอร์ แพคเกจจิ้ง 59,,,"151,152,153 หมู่ที่ 1",,,บางเลน,นครปฐม,,,,,,
,บริษัท บริหารสินทรัพย์ กรุงเทพพาณิชย์,,,99,,,เขตบางรัก,กรุงเทพมหานคร,,,,,,
,คลังรามอินทรา 34,,,8,ซอยรามอินทรา 34 แยก 14,,เขตบางเขน,กรุงเทพมหานคร,,,,,,
,บริษัท เอส ไอ จี คอมบิบล็อค จำกัด,,,33 หมู่ที่ 4,,,ปลวกแดง,ระยอง,,,,,,
,กรมพัฒนาสังคมและสวัสดิการ,,,1034,,,เขตป้อมปราบศัตรูพ่าย,กรุงเทพมหานคร,,,,,,
,สาขาบางช้าง-บริษัท ทีเอเค แพ็ค,,,103 หมู่ที่ 10,,,สามพราน,นครปฐม,,,,,,
,บริษัท ซุปเปอร์ เทรด จำกัด,,,105,,,เขตหนองแขม,กรุงเทพมหานคร,,,,,,
,RDC หาดใหญ่,,,315 หมู่ที่ 5,,,บางกล่ำ,สงขลา,,,,,,
,แกรนด์ โอ เอ ซัพพลาย,,,92/39 ,ซอยพัฒนาการ 40,,เขตสวนหลวง,กรุงเทพมหานคร,,,,,,
,ห้างหุ้นส่วนจำกัด เอส พี ซัพพลาย,,,312/34 หมู่ที่ 9,,,เมือง,นครปฐม,,,,,,
,ห้างหุ้นส่วน สยามวัฒนาเปเปอร์,,,58,ซอยรองเมือง 3,,เขตปทุมวัน,กรุงเทพมหานคร,,,,,,
,คณะเเพทยศาสตร์,,,1,,,เขตลาดกระบัง,กรุงเทพมหานคร,,,,,,
,บริษัท ซิลเวอร์ 929 จำกัด,,,56/4 หมู่ที่ 12,,,อำเภอบางใหญ่,นนทบุรี,,,,,,
,บริษัท สมใจบิซกรุ๊ป จำกัด สาขา,,,33/178 หมู่ที่ 10,,,กระทุ่มแบน,สมุทรสาคร,,,,,,
,บริษัท สยาม วันเดอร์ไลน์ จำกัด,,,30/140 หมู่6 ,ซอยงามวงศ์วาน 47,,เขตหลักสี่,กรุงเทพมหานคร,,,,,,
,บริษัท บินบน ลอรีเทรด จำกัด,,,234 หมู่ที่ 2,,,เมือง,นครสวรรค์,,,,,,
,บริษัท ออฟฟิศเมท (ไทย) จำกัด,,,อาคารโรบินสัน ลาดกระบัง,,,เขตลาดกระบัง,กรุงเทพมหานคร,,,,,,
,สำนักงาน ป.ป.ช. ภาค 1,,,361,,,อำเภอเมืองนนทบุรี,นนทบุรี,,,,,,
,บริษัท ซีพี ออลล์ จำกัด (มหาชน),,,เลขที่ 144 หมู่ 6,,,เก้าเลี้ยว,นครสวรรค์,,,,,,
,บริษัท ยูไนเต็ด1999 พลัซ จำกัด,,,1,ซอยข้างอำเภอ,,เมือง,ระยอง,,,,,,
,โกดัง-สะแกงาม 28 บริษัท เบนลี่คอม,,,42,ซอยสะแกงาม 28,,เขตบางขุนเทียน,กรุงเทพมหานคร,,,,,,
,ห้างหุ้นส่วนจำกัด วุฒิชัยเปเปอร์,,,161,,,บางสะพาน,ประจวบคีรีขันธ์,,,,,,
,บริษัท เตียวฮะเฮง 1999 จำกัด,,,160/2-3 หมู่ที่ 9,,,เมือง,นครศรีธรรมราช,,,,,,
,บริษัท พี พริ้นติ้ง เปเปอร์ จำกัด,,,93/3 หมู่ 1,,,จอมบึง,ราชบุรี,,,,,,
,บริษัท ที.เอส. เปเปอร์ทิ้ว จำกัด,,,47,ซอยสะแกงาม 29,,เขตบางขุนเทียน,กรุงเทพมหานคร,,,,,,
,โรงงาน ไฮแลนด์ สาขา1,,,9 หมู่ที่ 6,,,ลาดหลุมแก้ว,ปทุมธานี,,,,,,
,บริษัท โรงพิมพ์บิ๊กเอ็มเค,,,72/9 หมู่ที่ 7,,,บางซ้าย,อยุธยา,,,,,,
,บริษัท กระดาษใต้ จำกัด,,,139/4 หมู่ที่ 8,,,หาดใหญ่,สงขลา,,,,,,
,ปิยมิตร,,,214/1 หมู่ 4,,,ทับสะแก,ประจวบคีรีขันธ์,,,,,,
,อาคารรัฐสภา เกียกกาย,,,,,,เขตดุสิต,กรุงเทพมหานคร,,,,,,
,คลังสินค้า ลีเรคโก (ประเทศไทย) ใหม่,,,88/169 หมู่15,,,อำเภอบางเสาธง,สมุทรปราการ,,,,,,
,โกดังร้านธนภัณฑ์2,,,120/1031 หมู่ 2 ,ซอยอู่ทอง37/19,,อำเภอเมืองสมุทรปราการ,สมุทรปราการ,,,,,,
,บริษัท ปกรณ์ พริ้นติ้งแลนด์ จำกัด,,,เลขที่ 145/13 หมู่ที่ 8,,,บ้านค่าย,ระยอง,,,,,,
,บริษัท ยงเจริญศูนย์เครื่องเขียน,,,2 .,ซอยรองเมือง 2 พระราม 6,,เขตปทุมวัน,กรุงเทพมหานคร,,,,,,
,บริษัท พิค อะ บ็อกซ์ บรรจุภัณฑ์,,,"999/111, 999/112 หมู่ที่ 20",,,อำเภอบางพลี,สมุทรปราการ,,,,,,
,บริษัท ดูโฮม จำกัด (มหาชน),,,เลขที่ 37-47,,,วารินชำราบ,อุบลราชธานี,,,,,,
,นครราชสีมา - บริษัท ดูโฮม จำกัด,,,412 หมู่ 2,,,เมือง,นครราชสีมา,,,,,,
,ขอนแก่น - บริษัท ดูโฮม จำกัด,,,678 หมู่ 2,,,เมือง,ขอนแก่น,,,,,,
,สุรินทร์ - บริษัท ดูโฮม จำกัด,,,483 หมู่ 10,,,เมือง,สุรินทร์,,,,,,
,มาบตาพุด - บริษัท ดูโฮม จำกัด,,,288/88 อาคารดูโฮม,,,มาบตาพุด,ระยอง,,,,,,
,บริษัท แปซิฟิค ชีท แอนด์,,,เลขที่ 7/275 หมู่ที่ 6,,,ปลวกแดง,ระยอง,,,,,,
,บริษัท เสบียงพาณิชย์เทรดดิ้ง จำกัด,,,88/10 หมู่ที่ 5,,,เมือง,นครปฐม,,,,,,
,กรมการค้าภายใน,,,563,,,อำเภอเมืองนนทบุรี,นนทบุรี,,,,,,
,โรงงาน อยู่เจริญ ท่าจีน,,,,ซอย 1 โครงการอยู่เจริญ ท่าจีน,,เมือง,สมุทรสาคร,,,,,,
,แหลมฉบัง-บริษัท ดูโฮม จำกัด (มหาชน),,,88/111 หมู่ที่ 4,,,บางละมุง,ชลบุรี,,,,,,
,ศูนย์หนังสือมหาวิทยาลัยเกษตรศาสตร์,,,อาคารวิทยบริการ เลขที่ 50,,,เขตจตุจักร,กรุงเทพมหานคร,,,,,,
,บริษัท กู๊ด บ็อกซ์ แพ็ค จำกัด,,,เลขที่ 1/2 หมู่ที่ 9,,,สามพราน,นครปฐม,,,,,,
,วุฒิชัย เปเปอร์ ราชบุรี,,,175/6 หมู่4,,,เมือง,ราชบุรี,,,,,,
,บริษัท โรงพิมพ์นิยมกิจ (1994) จำกัด,,,เลขที่ 199 หมู่ที่ 8,,,ดำเนินสะดวก,ราชบุรี,,,,,,
,ร้าน เอ็กซ์แซค อาร์.ที.ที.พี,,,"22,22/1,22/2 ",ซอยเอกชัย 76,,เขตบางบอน,กรุงเทพมหานคร,,,,,,
,สาขาสกลนคร-บริษัท คลังออฟฟิศซัพพลาย,,,เลขที่ 1446/54 ถนนยุวพัฒนา,,,เมือง,สกลนคร,,,,,,
,สาขาเมืองร้อยเอ็ด-,,,95,,,เมือง,ร้อยเอ็ด,,,,,,
,สาขาพนมสารคาม-บริษัท โคเมริ,,,1648/5 หมู่ 1,,,พนมสารคาม,ฉะเชิงเทรา,,,,,,
,บริษัท วรศิลป์กราฟฟิค จำกัด,,,เลขที่ 159 ถนนท่าข้าม,,,เขตบางขุนเทียน,กรุงเทพมหานคร,,,,,,
,บริษัท ธนเชษฐ์ จำกัด,,,149/115 หมู่ 13,,,กระทุ่มแบน,สมุทรสาคร,,,,,,
,บริษัท วันเนอร์ สเตชั่นเนอรี่ จำกัด,,,1334/78 1334/79,,,เมือง,ปราจีนบุรี,,,,,,
,โกดังหัวกระบือ,,,15/200 หมู่ที่ 1,,,เขตบางขุนเทียน,กรุงเทพมหานคร,,,,,,
,บริษัท ซีซีแอล ลาเบิล (ไทย) จำกัด,,,69/2 หมู่ที่ 5,,,บางปะกง,ฉะเชิงเทรา,,,,,,
,บริษัท แอดไวซ์ ไอที อินฟินิท จำกัด,,,74/1 หมู่ 1,,,อำเภอปากเกร็ด,นนทบุรี,,,,,,
,บริษัท สุขสวัสดิ์เปเปอร์ จำกัด,,,447,ถนนเพชรเกษม,,เขตภาษีเจริญ,กรุงเทพมหานคร,,,,,,
,บริษัท จิรวัฒน์เปเปอร์ จำกัด,,,48/2 ,ซอยพรหมประเสริฐ 2,,เมือง,ชัยนาท,,,,,,
,โกดัง โกลบอล แสมดำ 14,,,16/2-16/3 ,ซอยแสมดำ 14 ถนนแสมดำ #,,เขตบางขุนเทียน,กรุงเทพมหานคร,,,,,,
,บริษัท แหลมฉบังเครื่องเขียน (1995),,,88/9-12 หมู่ที่ 9,,,ศรีราชา,ชลบุรี,,,,,,
,บริษัท ชัยวัฒนา ออฟฟิศ ซัพพลาย,,,2-3 ประชาร่วมใจ,,,สามพราน,นครปฐม,,,,,,
,บจก. แหลมทองศึกษาภัณฑ์,,,1195/4 หมู่ที่ 1,,,พนมสารคาม,ฉะเชิงเทรา,,,,,,
,สาขาอิมพิเรียล สำโรง,,,999 หมู่ที่ 1,ถนนสุขุมวิท,,อำเภอเมืองสมุทรปราการ,สมุทรปราการ,,,,,,
,โกดัง ฮูทามากิ,,,เลขที่ 60/6 หมู่ 2,,,เมือง,สมุทรสาคร,,,,,,
,สนง. ป้องกันและปราบปรามยาเสพติด,,,5,,,เขตพญาไท,กรุงเทพมหานคร,,,,,,
,บริษัท เอ็นเอสเอสที เอนเตอร์ไพรส์,,,39/5 หมู่ที่ 2,,,ลาดหลุมแก้ว,ปทุมธานี,,,,,,
,บริษัท อารีย์อภิรักษ์ จำกัด,,,86 หมู่ที่ 4,ซอยวัดโคก,,เมือง,ปทุมธานี,,,,,,
,โกดังร้านไรซ์เปเปอร์,,,104/33-36 ,ซอย เพชรเกษม 63/4,,เขตบางแค,กรุงเทพมหานคร,,,,,,
,โรงงาน2 มาสเตอร์ฟอร์ม,,,เลขที่31 ,ซอยโพธิ์แก้ว3 แยก6,,เขตบางกะปิ,กรุงเทพมหานคร,,,,,,
,ศูนย์กระจายสินค้า คลัง2,,,28/1 หมู่ที่ 10,,,บางปะกง,ฉะเชิงเทรา,,,,,,
,สาขาโฮมโปร บางนา-บริษัท ออฟฟิศเมท,,,224,ถนนเทพรัตน,,เขตบางนา,กรุงเทพมหานคร,,,,,,
,บริษัท สยามคอนเวิร์ทติ้ง เซ็นเตอร์,,,DD WAREHOUSE เลขที่486/35 หมู่9,,,อำเภอพระสมุทรเจดีย์,สมุทรปราการ,,,,,,
,สาขาสุราษฎร์ธานี-บริษัท ดูโฮม จำกัด,,,88 / 8 หมู่ที่ 5,ถนน กาญจนวิถี,,เมือง,สุราษฎร์ธานี,,,,,,
,บริษัท บุญทรี ซุปเปอร์มาร์ท จำกัด,,,68/3 หมู่ 3,,,กระทุ่มแบน,สมุทรสาคร,,,,,,
,สาขาหาดใหญ่-บริษัท ดูโฮม จำกัด,,,388,ถนนกาญจนวณิชย์,,หาดใหญ่,สงขลา,,,,,,
,บริษัท วังสุภา จำกัด,,,51/33 หมู่7,,,เขตสายไหม,กรุงเทพมหานคร,,,,,,
,โครงการการศึกษานานาชาติ,,,50,,,เขตจตุจักร,กรุงเทพมหานคร,,,,,,
,บริษัท ริโก้ เซอร์วิสเซส,,,"68,54-56",,,เมือง,พิษณุโลก,,,,,,
,โกดังคุณกระดาษ ท่าข้าม,,,291 ซอยท่าข้าม 8,,,เขตบางขุนเทียน,กรุงเทพมหานคร,,,,,,
,สาขาพนัสนิคม-บริษัท โคเมริ,,,40/6 หมู่ 2,,,พนัสนิคม,ชลบุรี,,,,,,
,ไทยชีตเตอร์เปเปอร์,,,5 ซอย 22 ,ถนนสะแกงาม,,เขตบางขุนเทียน,กรุงเทพมหานคร,,,,,,
,บริษัท แอทเทค ไอที โซลูชั่น จำกัด,,,108/2 หมู่ 2,,,พระพุทธบาท,สระบุรี,,,,,,
,บริษัท ไท้ เซิ่ง ซิ่น เมทัล,,,176/1 นิคมอุสาหกรรมเกตเวย์ซิตี้,,,แปลงยาว,ฉะเชิงเทรา,,,,,,
,บริษัท เค.เอ็ม.แพ็กเกจจิ้ง จำกัด,,,99/99 หมู่ที่ 11,,,อำเภอบางเสาธง,สมุทรปราการ,,,,,,
,บริษัท วาไรตี้ แพ็ค จำกัด,,,78/9 หมู่ที่ 7,,,อำเภอบางบัวทอง,นนทบุรี,,,,,,
,หงส์ไทยฟู้ดแพคเกจจิ้ง,,,เลขที่ 59 ,ซอยลาซาล19,,เขตบางนา,กรุงเทพมหานคร,,,,,,
,บจก.ไทยโปรดัคท์ เปเปอร์มิลล์,,,70/1 หมู่ 7,ถนนสุวิยทวงค์,,เมือง,ฉะเชิงเทรา,,,,,,
,โรงงาน หจก. ธนโชติเปเปอร์,,,115/1 หมู่ 4,,,กระทุ่มแบน,สมุทรสาคร,,,,,,
,กรมอุตสาหกรรมพื้นฐานและการเหมืองแร่,,,กระทรวงอุตสาหกรรม,,,เขตราชเทวี,กรุงเทพมหานคร,,,,,,
,ร้านต้นถุงราชบุรี,,,88/7,,,เมือง,ราชบุรี,,,,,,
,บริษัท ทวีทรัพย์ แพคเกจจิ้ง จำกัด,,,526 หมู่ที่ 7,,,ศรีมหาโพธิ,ปราจีนบุรี,,,,,,
,บจก.พรีชีสชั่น สลิตติ้ง เซ็นเตอร์,,,16,ซอยเฉลิมพระเกียร์ติ ร.9,,เขตประเวศ,กรุงเทพมหานคร,,,,,,
,บริษัท ไอ-เทล คอร์ปอเรชั่น จำกัด,,,เลขที่ 30/2 หมู่ที่ 8,,,เมือง,สมุทรสาคร,,,,,,
,เคพีพี-แอนทาลิส (ประเทศไทย),,,99/38 หมู่ 1 กม.15,,,เมือง,สมุทรสาคร,,,,,,
,สาขาบุรีรัมย์-บริษัท ดูโฮม จำกัด,,,เลขที่ 88/8 หมู่ 16,,,เมือง,บุรีรัมย์,,,,,,
,บจ.คูห์ เน่ พลัส นาเกิ้ล,,,101/10 หมู่3,ซอยวัดบัวโรย ,,อำเภอบางเสาธง,สมุทรปราการ,,,,,,
,สำนักงานปลัดกระทรวงอุตสาหกรรม,,,75/ 6,,,เขตราชเทวี,กรุงเทพมหานคร,,,,,,
,สำนักงานคณะกรรมการอ้อยและน้ำตาลทราย,,,75/6 แ,,,เขตราชเทวี,กรุงเทพมหานคร,,,,,,
,สำนักงานมาตรฐานผลิตภัณฑ์อุตสาหกรรม,,,75/42,,,เขตราชเทวี,กรุงเทพมหานคร,,,,,,
,SIRI CAMPUS สิริ แคมปัส,,,59,ซอยริมคลองพระโขนง,,เขตวัฒนา,กรุงเทพมหานคร,,,,,,
,สำนักงานวิทยทรัพยากร จุฬาลงกรณ์มหา,,,254,,,เขตปทุมวัน,กรุงเทพมหานคร,,,,,,
,ซูซูโย ดิสทริบิวชั่น,,,"651 หมู่ 10, ตำบลท่าตูม",,,ศรีมหาโพธิ,ปราจีนบุรี,,,,,,
,สาขาชัยภูมิ,,,เลขที่ 88/88 หมู่ที่ 6,,,เมือง,ชัยภูมิ,,,,,,
,สนง.คณะกรรมการนโยบายรัฐวิสาหกิจ,,,310 อาคารพัฒนาวิสาหกิจขนาดกลาง,,,เขตพญาไท,กรุงเทพมหานคร,,,,,,
,KHOURN KING SHOP,,,499/17-19,,,อรัญประเทศ,สระแก้ว,,,,,,
,แสงไทยเปเปอร์ (บางกระดี่),,,111/184,,,เขตบางขุนเทียน,กรุงเทพมหานคร,,,,,,
,หจก.ทริปเปิ้ลพี พัฒนา,,,123,,,วิเศษชัยชาญ,อ่างทอง,,,,,,
,บริษัท กู้เกียรติบรรจุภัณฑ์,,,59/5 หมู่ 3,,,อำเภอบางเสาธง,สมุทรปราการ,,,,,,
